"","logFC","t","P.Value","adj.P.Val","B"
"76681",1.32836715921719,7.34944815662736,3.61797670055668e-06,3.61797670055668e-06,4.42751826317009
"12981",1.33490087459938,6.87160602257176,7.65463836517858e-06,7.65463836517858e-06,3.79439089382275
"15370",-1.35863180003417,-6.63253665756211,1.1264824587757e-05,1.1264824587757e-05,3.46349286474084
"223672",1.95445084470467,6.6295680131913,1.13195524817952e-05,1.13195524817952e-05,3.45932385920208
"23960",3.00775346899668,6.54028547552687,1.31031706583719e-05,1.31031706583719e-05,3.33324826814757
"241633",1.64977659756573,6.52453983724137,1.34472202848599e-05,1.34472202848599e-05,3.31087478353342
"76976",-1.34849383250562,-6.13412780419846,2.58504455067513e-05,2.58504455067513e-05,2.74272916023727
"380732",2.01635286436284,5.89972493835954,3.866201569041e-05,3.866201569041e-05,2.38922037276203
"20519",-1.3072325592287,-5.87676804593179,4.02331036294619e-05,4.02331036294619e-05,2.35409961313018
"109225",3.5644646571729,5.8618570522642,4.12892147265458e-05,4.12892147265458e-05,2.3312403816424
"54486",2.05656312194966,5.7491949717247,5.02681412042706e-05,5.02681412042706e-05,2.15731679444186
"209086",1.29071121328665,5.58102831153426,6.76495470570316e-05,6.76495470570316e-05,1.89376223787246
"327959",1.83251667693921,5.57212865059486,6.87285704646905e-05,6.87285704646905e-05,1.87968375337734
"677168",1.54279345431103,5.54885412527768,7.16361782615156e-05,7.16361782615156e-05,1.84280371947052
"23833",1.49570342971802,5.52066500095453,7.53304145117504e-05,7.53304145117504e-05,1.79801673839499
"238896",1.26112011111824,5.48766423366991,7.99089920239325e-05,7.99089920239325e-05,1.74541922587958
"20556",1.54978340631024,5.48618729491129,8.01205662234443e-05,8.01205662234443e-05,1.74306106993036
"12523",1.33499860651308,5.4744642673215,8.18207640591448e-05,8.18207640591448e-05,1.72433083055709
"26888",1.68587383213767,5.4292048560467,8.87457458876336e-05,8.87457458876336e-05,1.65180806463083
"80285",1.28643725709676,5.36705547430241,9.92647361971641e-05,9.92647361971641e-05,1.55167913986779
"74116",-1.2205257375497,-5.33098052334383,0.000105958616797239,0.000105958616797239,1.49327284837366
"98365",2.05066854423101,5.31082189530704,0.000109902192208504,0.000109902192208504,1.46054454674255
"14373",-1.72711585620369,-5.26447532723114,0.000119559070705624,0.000119559070705624,1.38505310326338
"170743",2.15519384593853,5.26286377570908,0.000119910326030642,0.000119910326030642,1.38242198669727
"209387",2.07022341825961,5.25625746565631,0.000121361500345989,0.000121361500345989,1.37163182032421
"234311",1.93070677714836,5.24682887866374,0.000123464340534558,0.000123464340534558,1.35622001900356
"244183",1.35045343372194,5.2230932553915,0.000128927511509675,0.000128927511509675,1.31735997832819
"67775",1.87388795038751,5.21812108676211,0.000130103446014613,0.000130103446014613,1.30920827171553
"27052",2.98808193967438,5.19081779620667,0.000136762504132406,0.000136762504132406,1.2643761715336
"20873",1.26908097942289,5.18861929563612,0.000137313887761617,0.000137313887761617,1.26076113931637
"383435",2.75085393689789,5.17567499180001,0.000140607502101849,0.000140607502101849,1.23946126752578
"71398",1.64738782681914,5.10350008478949,0.000160539016717282,0.000160539016717282,1.12021960069316
"12267",3.61691980062688,5.10014118388351,0.000161535167384195,0.000161535167384195,1.11465067984622
"171285",1.65940631742257,5.07793205362889,0.000168285298276949,0.000168285298276949,1.07778526099621
"15018",1.80617670414775,5.05996104351865,0.000173961355482319,0.000173961355482319,1.04789954617127
"73656",2.58437968752471,5.04228938659061,0.000179736806609503,0.000179736806609503,1.01846367893622
"13040",2.02700182286008,5.03350264675977,0.00018268219510184,0.00018268219510184,1.00380986691094
"107321",1.39671292784628,5.01210666125555,0.000190065610376322,0.000190065610376322,0.968078550383767
"64380",2.84688583250634,5.01041947601255,0.000190660844487685,0.000190660844487685,0.965258012495193
"60361",1.22244655278127,4.99889559968678,0.000194778477694832,0.000194778477694832,0.94598162076135
"15957",2.60338795803516,4.98108700571355,0.000201323993604463,0.000201323993604463,0.916153387755448
"54123",3.40981132167503,4.94672617784639,0.000214605709699904,0.000214605709699904,0.858467561600434
"209200",1.2217878294691,4.94515668656538,0.000215233640792864,0.000215233640792864,0.855828474843101
"230073",1.27468094122536,4.93981851674121,0.000217383654382908,0.000217383654382908,0.846849659707817
"76933",1.87828003412394,4.93517473192621,0.000219272094822163,0.000219272094822163,0.839035378535328
"21391",1.65434329909677,4.92692850265421,0.000222667510808666,0.000222667510808666,0.825151284367247
"67138",1.7288471609643,4.90965552051734,0.000229957443155026,0.000229957443155026,0.796036532135494
"623121",2.00577439382736,4.90742833591151,0.00023091524408056,0.00023091524408056,0.792279281249297
"14017",1.6271784724626,4.89314329372576,0.000237157579910749,0.000237157579910749,0.768163240245002
"320832",2.00150878304113,4.89226266576092,0.000237548073586544,0.000237548073586544,0.76667558788869
"27060",1.30779811888012,4.8804826395769,0.000242836144400578,0.000242836144400578,0.746764639182083
"107350",1.64693386030124,4.8756121787321,0.000245057981077487,0.000245057981077487,0.738526553309871
"12508",1.28154930782955,4.87236358343868,0.000246551637672058,0.000246551637672058,0.733029842190532
"16638",1.25195630025227,4.86368705884736,0.000250587359352338,0.000250587359352338,0.71834144281994
"667803",1.72042813710007,4.86015305740457,0.000252250676894582,0.000252250676894582,0.712355651467591
"20128",1.73619675283576,4.84658346852278,0.000258744284097949,0.000258744284097949,0.68935515038105
"14293",1.26609996816115,4.84186517952419,0.0002610425140488,0.0002610425140488,0.681351433428151
"622408",1.36980440079411,4.83943386136484,0.000262235021913209,0.000262235021913209,0.67722589919818
"14972",1.25443129898499,4.83157914275627,0.000266126260013033,0.000266126260013033,0.663891991831433
"270084",1.67385450322615,4.82919271835107,0.000267320294814496,0.000267320294814496,0.659839130728173
"20555",2.43498054864547,4.82426667263732,0.000269802579127353,0.000269802579127353,0.651470664000954
"100038947",2.99689137061287,4.82367752199805,0.000270101050725613,0.000270101050725613,0.650469571243947
"70789",1.32860793365846,4.81967325124139,0.000272138740495556,0.000272138740495556,0.643664150105484
"93695",2.64012365472756,4.81740839853308,0.000273298312314546,0.000273298312314546,0.639813930304945
"246727",2.94500294405158,4.80775070196039,0.000278300576122756,0.000278300576122756,0.623387793851888
"19366",1.21989716446989,4.80075860827294,0.000281981212753226,0.000281981212753226,0.611487152921385
"234258",1.76570391325974,4.79905121010107,0.000282887611795625,0.000282887611795625,0.608580086811376
"19106",1.36528144327039,4.78645403643462,0.000289668843038066,0.000289668843038066,0.587119056076608
"15959",2.356749472643,4.78017678942683,0.000293110511583583,0.000293110511583583,0.576416556842592
"50498",1.41733095136114,4.76966676522275,0.000298967884146611,0.000298967884146611,0.558484937094611
"110557",1.45622435372452,4.76355275035146,0.000302430854313715,0.000302430854313715,0.54804643523953
"15040",1.22474229837016,4.75705286469028,0.000306157886408616,0.000306157886408616,0.536943414913926
"24110",2.20783794948463,4.74813974223401,0.000311346016037545,0.000311346016037545,0.521708578638694
"276950",2.41416559832213,4.73959433168204,0.000316405459529468,0.000316405459529468,0.507091910569203
"246730",2.29288049494995,4.73758200305908,0.000317609203034893,0.000317609203034893,0.503648413092034
"236312",1.73958800662357,4.73491475748852,0.000319212005313171,0.000319212005313171,0.499083359453102
"17084",2.00126878938707,4.71580730200397,0.000330941224046817,0.000330941224046817,0.466351852199112
"11629",2.51434657146043,4.71164590390887,0.000333554247218741,0.000333554247218741,0.459216637740225
"623474",1.29239863098658,4.70473417833547,0.000337941451303972,0.000337941451303972,0.447360427195343
"15360",-1.2902217886103,-4.70339195525714,0.000338800313394261,0.000338800313394261,0.445057253548491
"14744",1.85805378177074,4.69836944989624,0.000342034169209523,0.000342034169209523,0.436436760729499
"230787",1.69033592842835,4.68239511487895,0.000352533191754662,0.000352533191754662,0.408996066972159
"15944",1.81761114801516,4.68228382695495,0.000352607491039985,0.000352607491039985,0.408804775503265
"14962",2.91054034372587,4.68022204174431,0.000353986931677131,0.000353986931677131,0.405260495205813
"68774",3.35063135532588,4.6719866961247,0.000359552618911111,0.000359552618911111,0.391097931613213
"234964",1.56307964255264,4.6710381471434,0.000360199453126932,0.000360199453126932,0.389466097766729
"15016",1.72656239213414,4.66123050600067,0.000366958328984091,0.000366958328984091,0.372586463187958
"13733",2.36389244481993,4.65182547276923,0.000373562758577127,0.000373562758577127,0.356387646157336
"14130",2.05389212424108,4.6492162292075,0.000375416682309202,0.000375416682309202,0.35189150706519
"216864",-1.40776951264991,-4.63768087553734,0.000383727289146732,0.000383727289146732,0.332003416532264
"58203",2.65076335878765,4.63534056996272,0.000385436392971341,0.000385436392971341,0.327966343577598
"55932",1.80135886442006,4.6346588180866,0.000385935746112332,0.000385935746112332,0.326790171828284
"15951",3.10632094095102,4.62616977421872,0.000392209798469909,0.000392209798469909,0.312139560800735
"209737",1.53237389520336,4.61785057049115,0.000398460462055469,0.000398460462055469,0.29777284667585
"232413",2.47447123639113,4.60258463068664,0.000410199276840129,0.000410199276840129,0.271385961534703
"666907",2.23193093056273,4.57788515732609,0.000429952965450117,0.000429952965450117,0.228629131569726
"99899",2.27128115794734,4.57648499197191,0.00043110172192344,0.00043110172192344,0.226202966294179
"13058",2.09424225676341,4.57097590187316,0.000435652424023214,0.000435652424023214,0.216654528328856
"69774",1.75033946002621,4.56516345226053,0.000440507424852212,0.000440507424852212,0.206576078160804
"69550",1.77599025495566,4.55861551772613,0.00044604361599877,0.00044604361599877,0.195217159040402
"14289",2.00020179797177,4.54474416241122,0.00045800978979105,0.00045800978979105,0.171136008248066
"11810",1.98340755457277,4.53252656341391,0.000468823247677101,0.000468823247677101,0.149905635368667
"433470",3.46633686684466,4.51510741219385,0.000484697205192397,0.000484697205192397,0.119604119900877
"246728",2.13253090942288,4.50792154286628,0.000491405976924173,0.000491405976924173,0.107092880812568
"240327",2.0472726378873,4.49469900878604,0.000504001606809218,0.000504001606809218,0.0840545251337899
"14068",1.30762154423571,4.4941562874358,0.000504525643517482,0.000504525643517482,0.0831084497861818
"433801",1.56496835893856,4.49221566785179,0.000506404045832275,0.000506404045832275,0.0797252522277274
"60411",1.33592516949556,4.4880179370373,0.000510491867351431,0.000510491867351431,0.0724055122950142
"17857",2.91973199205507,4.48471922885517,0.000513728033425818,0.000513728033425818,0.0666519122252502
"668139",1.30511920604075,4.48287804238118,0.000515543487934594,0.000515543487934594,0.0634399380770878
"20846",1.50088512532496,4.48153432988019,0.000516872588763081,0.000516872588763081,0.0610955516791627
"80861",2.27335161648392,4.47584344850462,0.000522540806419123,0.000522540806419123,0.0511641752032226
"15958",2.47276345243526,4.46553417448045,0.000532972516212943,0.000532972516212943,0.0331630094271276
"80719",1.84419420458252,4.46201203790366,0.000536585404535528,0.000536585404535528,0.0270099999429929
"17476",1.78266708309567,4.45464528654005,0.000544223676344037,0.000544223676344037,0.0141357758495726
"16154",1.36020421233085,4.44311837536486,0.000556400645084303,0.000556400645084303,-0.00602190480929909
"22324",1.45707843935555,4.43112055081286,0.00056937306319918,0.00056937306319918,-0.0270199806400999
"16913",1.28584028536527,4.4229514488812,0.000578383415489459,0.000578383415489459,-0.0413269831662468
"60533",1.91756082668206,4.41913650066892,0.000582641328892677,0.000582641328892677,-0.0480110179997002
"26886",1.32351337090593,4.4021394576577,0.000602007251126745,0.000602007251126745,-0.0778117243220535
"219132",1.74828695465057,4.40118745973901,0.000603111305023307,0.000603111305023307,-0.0794818502732868
"237928",-1.31366740192216,-4.39791517001262,0.000606922153630385,0.000606922153630385,-0.0852233569098138
"237886",2.44296019769039,4.39098179562078,0.000615078632829241,0.000615078632829241,-0.097392654276911
"12362",1.47173913594308,4.3895820193102,0.000616738964302769,0.000616738964302769,-0.0998501849989362
"100340",1.76787854396457,4.38943307088716,0.000616915909019055,0.000616915909019055,-0.100111701070226
"381308",3.05611060387847,4.3762279879305,0.000632812206067453,0.000632812206067453,-0.123306680210863
"667370",1.880043383681,4.36799579034823,0.000642934550837478,0.000642934550837478,-0.137776815635748
"353346",1.79412559244771,4.36615531929652,0.000645220266550386,0.000645220266550386,-0.141012959287212
"234564",-1.62785845805114,-4.36595447486894,0.000645470203743204,0.000645470203743204,-0.141366132120429
"574428",1.38392358098964,4.36171561811061,0.000650768437168467,0.000650768437168467,-0.148820976307761
"15039",1.58618177506123,4.35620096400069,0.00065772825681224,0.00065772825681224,-0.158522605810868
"15212",1.28660149980605,4.35067622518481,0.000664777492610294,0.000664777492610294,-0.168245423413887
"16365",4.42911361947303,4.34405007569513,0.0006733345099002,0.0006733345099002,-0.179911110701702
"21354",1.40429944891647,4.33524280139791,0.000684883645581558,0.000684883645581558,-0.195424394923336
"15024",1.26319919577423,4.31185995687959,0.00071654308596772,0.00071654308596772,-0.236653089134212
"57248",4.64938368882752,4.31179852267287,0.000716628215144146,0.000716628215144146,-0.236761489344556
"16988",1.59616450205951,4.30540672471115,0.000725542273709003,0.000725542273709003,-0.248042022946636
"54153",1.20879539053592,4.29966784531351,0.000733642702552184,0.000733642702552184,-0.258174046483078
"107684",1.25513343846063,4.29689459454643,0.000737590347361114,0.000737590347361114,-0.263071516410597
"16637",1.61214807283478,4.29158768684377,0.000745205454501993,0.000745205454501993,-0.272445658645316
"69270",1.24632229627408,4.2904045901819,0.000746914098210524,0.000746914098210524,-0.27453589907522
"19204",2.451321025156,4.28957232852942,0.000748118469169098,0.000748118469169098,-0.276006390693202
"277203",1.51271545711276,4.28797641552062,0.00075043350101388,0.00075043350101388,-0.278826357295177
"231440",-1.22817522062196,-4.28313059018781,0.000757507995854033,0.000757507995854033,-0.287390569882718
"23962",1.97645692599186,4.28244791316221,0.000758510130404679,0.000758510130404679,-0.288597293220264
"76574",-1.91584844153105,-4.28223627280526,0.000758821083575083,0.000758821083575083,-0.288971406097686
"672511",1.44833739051224,4.26430201612302,0.000785651787920653,0.000785651787920653,-0.32069078284365
"73149",1.71394694812056,4.26243282498009,0.000788503632207887,0.000788503632207887,-0.323998681350697
"20847",1.41530503955834,4.25047986341542,0.000806993100914046,0.000806993100914046,-0.345160444215597
"11475",-1.49194015594374,-4.23696555583553,0.000828433973424573,0.000828433973424573,-0.369104357084951
"71586",1.25502284250791,4.23544730268241,0.000830878939299702,0.000830878939299702,-0.371795493854441
"108670",1.53653604213841,4.23375565166306,0.000833611853975401,0.000833611853975401,-0.374794261187256
"12363",1.31210627269312,4.22707097437509,0.000844501595706558,0.000844501595706558,-0.38664696937193
"71988",1.69229476421236,4.22490286917304,0.000848064791540671,0.000848064791540671,-0.390492251921353
"56644",1.97830742562236,4.2203773670758,0.0008555519970811,0.0008555519970811,-0.398520080159352
"269799",2.29722462029273,4.21601061480457,0.000862840770652478,0.000862840770652478,-0.406268270040244
"66102",1.42531619347542,4.21349252197923,0.000867072739995537,0.000867072739995537,-0.41073714909481
"16912",1.23907169249855,4.19955191246062,0.000890889420483004,0.000890889420483004,-0.435489181838896
"228482",1.39785725953651,4.19700785573471,0.000895307570527961,0.000895307570527961,-0.440008336328917
"12772",1.50627300679979,4.19560530814333,0.000897752901647121,0.000897752901647121,-0.442500037259165
"26904",1.23022282835722,4.19216867547449,0.000903773598312099,0.000903773598312099,-0.448606223195025
"74748",2.06954127516928,4.1833776990419,0.000919363533831708,0.000919363533831708,-0.464231273811138
"52685",-1.41741071630853,-4.1808534412219,0.000923890744463136,0.000923890744463136,-0.468719283154141
"75345",2.04469342555,4.17894409215059,0.000927330283921591,0.000927330283921591,-0.472114428102195
"210808",1.66625050280249,4.1787761036578,0.000927633528480085,0.000927633528480085,-0.472413157034744
"20612",1.91914921174746,4.15424022702834,0.000973032830980401,0.000973032830980401,-0.516073909287499
"17858",2.05140247221148,4.15322517670626,0.000974959254739184,0.000974959254739184,-0.517881401065498
"631323",2.42851621157918,4.15279473545966,0.000975777350040108,0.000975777350040108,-0.518647913856404
"226691",2.23151951090732,4.14476805601242,0.000991162167931639,0.000991162167931639,-0.532944726465502
"17948",1.63378133869021,4.14204834996672,0.000996431162480782,0.000996431162480782,-0.537790342660111
"17085",1.55458271900002,4.14114794602417,0.000998181857280133,0.000998181857280133,-0.539394717866843
"67702",1.34940561102071,4.14036512693824,0.000999706483615435,0.000999706483615435,-0.540789637634637
"14728",1.7035631215227,4.13728057191935,0.00100573721694373,0.00100573721694373,-0.546286622487445
"15945",3.62362362835106,4.13623166794397,0.0010077964381069,0.0010077964381069,-0.548156076994585
"15042",1.25054931501663,4.1266454504358,0.00102681719598736,0.00102681719598736,-0.56524627740752
"15015",1.33547539664396,4.1152477610397,0.00104991076894328,0.00104991076894328,-0.585577003892957
"625360",1.23048820297448,4.11228027313917,0.00105601005853225,0.00105601005853225,-0.590872239266211
"21345",-1.20973641567333,-4.10287282057748,0.00107558639210175,0.00107558639210175,-0.607664343996106
"19039",1.73688394736745,4.09240459834711,0.00109780666231909,0.00109780666231909,-0.626359270723152
"432555",2.4946774835299,4.09075045699551,0.00110136049407285,0.00110136049407285,-0.629314254625665
"60440",1.78104108991828,4.08821726520817,0.00110682572048933,0.00110682572048933,-0.633840059111282
"237887",1.76217072179687,4.08459401256483,0.00111469090109613,0.00111469090109613,-0.640314355919502
"78892",-1.27296807271256,-4.08438519908335,0.00111514591993629,0.00111514591993629,-0.64068751469973
"20304",1.73486484690513,4.06934096583333,0.00114843274185491,0.00114843274185491,-0.667582276669847
"20460",1.75135949973989,4.06676294735653,0.00115423792582779,0.00115423792582779,-0.672193010275124
"12766",1.26613507550211,4.06449162840013,0.00115937731658651,0.00115937731658651,-0.676255693776093
"104759",1.47905104230242,4.06394899175269,0.00116060861418251,0.00116060861418251,-0.67722636785251
"12519",1.21127467531271,4.06177793149211,0.00116554834634523,0.00116554834634523,-0.681110236423589
"226695",2.56362783339224,4.05935538338333,0.00117108563227011,0.00117108563227011,-0.685444476060768
"14824",1.30757352535606,4.05455132143564,0.00118214600684273,0.00118214600684273,-0.694041024266492
"17329",3.58110847812759,4.05377924697963,0.00118393347484751,0.00118393347484751,-0.695422783434342
"12515",1.25904561704414,4.05318667177584,0.00118530724695347,0.00118530724695347,-0.696483332390044
"627984",1.54347083440997,4.04917981513625,0.0011946391882729,0.0011946391882729,-0.703655301009801
"24055",1.26112112443693,4.04548759942308,0.00120330473843606,0.00120330473843606,-0.710265287668749
"56857",1.43196813651325,4.04181203113378,0.00121199496473912,0.00121199496473912,-0.716846610283429
"12260",2.44848235570484,4.03665274717883,0.00122430137780855,0.00122430137780855,-0.726086520532371
"100034251",1.89306732035678,4.03189345083103,0.00123576679250523,0.00123576679250523,-0.734612044760528
"14129",3.13298648276473,4.02088082895982,0.00126271883662272,0.00126271883662272,-0.754346567621429
"52855",1.93148893149672,4.01738442824933,0.00127140071332741,0.00127140071332741,-0.760614160287231
"72948",-1.26057880465046,-4.00719333809549,0.0012970551922147,0.0012970551922147,-0.778888184365211
"15953",1.42190271622259,4.00628323579153,0.00129937176623387,0.00129937176623387,-0.780520528335672
"237436",1.55664325948113,4.00307519488362,0.00130757122272301,0.00130757122272301,-0.786274942628113
"56619",2.94163440853107,4.0006264980995,0.0013138653669157,0.0013138653669157,-0.790667836236966
"17880",-1.20054847955619,-3.9909191013769,0.00133912289816713,0.00133912289816713,-0.808087292366864
"219131",2.0649716685511,3.97746306883116,0.00137495513957815,0.00137495513957815,-0.832245647967666
"12517",2.61971981686362,3.97014216412229,0.00139485911010838,0.00139485911010838,-0.845395114258116
"20302",3.67291443783637,3.96234262391221,0.00141638767288573,0.00141638767288573,-0.859408749577403
"54396",1.20772690136028,3.94763037862787,0.00145792323778718,0.00145792323778718,-0.885854974044005
"12524",1.48457207483573,3.942313999534,0.00147323584821317,0.00147323584821317,-0.895415427900696
"75735",-1.45924386891928,-3.94137696071325,0.00147595170771131,0.00147595170771131,-0.897100719468817
"16175",2.04545413467229,3.93995875485514,0.00148007185697129,0.00148007185697129,-0.899651524868195
"20288",2.79684548433201,3.93558573356625,0.00149285018865895,0.00149285018865895,-0.907517817159531
"81897",2.03480804184106,3.93178129015893,0.00150405845736011,0.00150405845736011,-0.914362454632387
"667597",2.53905760230749,3.93163720832551,0.00150448461696152,0.00150448461696152,-0.914621694977449
"14058",1.81605493618082,3.93040493082465,0.00150813442555785,0.00150813442555785,-0.916838940136803
"16963",1.51397511272083,3.92851003071793,0.00151376441638553,0.00151376441638553,-0.920248657245912
"22137",1.45701232641416,3.9265004761203,0.00151975844537838,0.00151975844537838,-0.923864963828412
"14127",1.66911895349953,3.91427743602854,0.00155674104625062,0.00155674104625062,-0.945867123272819
"237911",1.21903795380458,3.9086705939679,0.00157401061121385,0.00157401061121385,-0.955963226288224
"547253",1.24030806814302,3.90327953888999,0.00159079940863903,0.00159079940863903,-0.965672798532005
"21897",1.69034058290969,3.90179974776215,0.00159543956391773,0.00159543956391773,-0.968338325592788
"12797",-1.69153836938647,-3.8987102400826,0.00160517172368826,0.00160517172368826,-0.973903889865081
"383619",1.20882545002639,3.88694630856445,0.00164278510333179,0.00164278510333179,-0.995101762390147
"16571",1.53299772148515,3.8855400215456,0.00164734109256415,0.00164734109256415,-0.997636417981544
"215900",1.40869807606148,3.88348245119856,0.00165403023362868,0.00165403023362868,-1.00134516391765
"327957",1.56609096604411,3.88197637049959,0.00165894399401482,0.00165894399401482,-1.00406003203225
"12623",-1.31146703058158,-3.87337488006829,0.00168729325097191,0.00168729325097191,-1.0195679427158
"19219",1.23442696544405,3.86945292599304,0.00170038249127392,0.00170038249127392,-1.02664054402223
"56489",1.26920306054289,3.85268495585288,0.00175751897127968,0.00175751897127968,-1.05688978482504
"24088",1.82354166747533,3.84906104341029,0.00177012167913031,0.00177012167913031,-1.06342958033039
"140497",1.53104609606145,3.84484625944995,0.00178489481578138,0.00178489481578138,-1.07103668533621
"239849",1.65480374882831,3.83832529781755,0.00180799856667678,0.00180799856667678,-1.08280824074769
"11468",-1.27994721175778,-3.82477834234325,0.00185697146559706,0.00185697146559706,-1.10727110909278
"67092",2.33625798437159,3.81334042911065,0.00189936801483744,0.00189936801483744,-1.12793380307437
"21926",2.34422572054922,3.81149074815307,0.00190631592720448,0.00190631592720448,-1.13127596793986
"16145",1.55459549255594,3.80994377098548,0.00191214661346645,0.00191214661346645,-1.13407132903024
"23845",2.48442398794682,3.80750878418757,0.00192136098534799,0.00192136098534799,-1.13847157977149
"76464",1.90115768132523,3.80152288089608,0.00194420466882491,0.00194420466882491,-1.14929007207724
"74107",2.18303339527473,3.79158247097182,0.00198275049131253,0.00198275049131253,-1.1672599909067
"102639543",2.09772890058382,3.79048459043216,0.00198705501983038,0.00198705501983038,-1.16924502747429
"17279",1.56328516548291,3.79042732581382,0.00198727980082357,0.00198727980082357,-1.1693485672498
"51944",1.99036283185116,3.78488060808529,0.00200917509488649,0.00200917509488649,-1.17937837772911
"54392",1.50588136131828,3.78378674491987,0.00201352185881793,0.00201352185881793,-1.18135653972725
"83433",1.83264332165937,3.78141990786161,0.00202295981839322,0.00202295981839322,-1.18563698586948
"170744",1.40319820008233,3.77504885576762,0.00204858853861496,0.00204858853861496,-1.19716054029963
"56419",1.4648610692269,3.73151233482618,0.00223276284412739,0.00223276284412739,-1.27596061951543
"208628",1.27865296430242,3.72311029125186,0.00227019429484578,0.00227019429484578,-1.29117837732893
"21810",2.0619144647618,3.7199130258945,0.00228460466789974,0.00228460466789974,-1.29697007934559
"67629",1.56461791576438,3.71150573467454,0.00232294081529239,0.00232294081529239,-1.31220162971766
"20558",3.03448714768288,3.71089571698343,0.00232574763732176,0.00232574763732176,-1.31330692120065
"246256",2.43820054139141,3.71001506369401,0.00232980577066841,0.00232980577066841,-1.31490260536989
"217653",1.77799333825909,3.70463710412141,0.00235474397834025,0.00235474397834025,-1.32464781288942
"67052",1.53701107026667,3.69613146312492,0.00239473856468141,0.00239473856468141,-1.34006302428823
"17952",1.20760660406225,3.68129911873064,0.00246613442330291,0.00246613442330291,-1.3669513727571
"72054",1.757076444566,3.67072042795089,0.00251836772178018,0.00251836772178018,-1.38613377676757
"330122",1.69398748894414,3.66857316643806,0.00252910591991537,0.00252910591991537,-1.39002792492327
"13041",1.2436415195647,3.66822184954387,0.00253086721701147,0.00253086721701147,-1.39066506870548
"12259",1.98296255742494,3.65348831262234,0.00260586033711648,0.00260586033711648,-1.41738956910114
"71279",1.31175447228041,3.65258169564394,0.00261054770503785,0.00261054770503785,-1.41903428714534
"17474",2.46010874817364,3.65138925977749,0.00261672578796069,0.00261672578796069,-1.42119755927784
"229841",1.87326862697477,3.65087141114779,0.0026194133947263,0.0026194133947263,-1.42213703566413
"21426",1.39519088992383,3.65045087175438,0.00262159802493115,0.00262159802493115,-1.42289998113899
"108000",1.74703589781946,3.64822995617105,0.00263316588781205,0.00263316588781205,-1.42692927980527
"16633",1.61248208384782,3.64361184868935,0.00265738523339531,0.00265738523339531,-1.43530820990522
"240641",1.38543392712489,3.64254286282153,0.00266302347439996,0.00266302347439996,-1.43724783938833
"231655",2.13829617737229,3.63219100407834,0.00271825249725549,0.00271825249725549,-1.45603273511204
"19361",1.4996653288605,3.62909941536184,0.00273497006843243,0.00273497006843243,-1.46164350353462
"12774",2.33704952792396,3.62902484031103,0.00273537460887728,0.00273537460887728,-1.46177884963448
"76044",1.36753943198352,3.62882372761887,0.00273646586784141,0.00273646586784141,-1.46214384946942
"68549",1.43939240524885,3.62367335545408,0.00276456269536035,0.00276456269536035,-1.47149168466316
"20307",1.5781568756655,3.62196659379411,0.00277393773861316,0.00277393773861316,-1.47458960094856
"80910",2.49682436661447,3.62113140098657,0.00277853705123651,0.00277853705123651,-1.47610557740562
"71898",1.46827020899645,3.61572173246383,0.00280851458077341,0.00280851458077341,-1.48592527140089
"16009",-1.68144159110716,-3.61106143440899,0.00283460128887429,0.00283460128887429,-1.49438536421634
"16551",1.78781214995778,3.5966504362211,0.00291682734685635,0.00291682734685635,-1.52055015409721
"434341",1.26269890018773,3.59170891406303,0.00294557357028355,0.00294557357028355,-1.52952327876215
"17916",1.42035698635538,3.57769217638029,0.00302867814114667,0.00302867814114667,-1.55497894566347
"20419",1.58423747330761,3.57194722287134,0.00306341948628146,0.00306341948628146,-1.56541359494362
"58185",2.9273405126104,3.56386329210375,0.00311298712999748,0.00311298712999748,-1.58009775553398
"80986",1.77258905465748,3.55970683871813,0.00313878698065134,0.00313878698065134,-1.58764831623589
"18140",1.31827088713126,3.55888064556072,0.0031439409398489,0.0031439409398489,-1.58914920869156
"12262",1.9947805817852,3.55525368967049,0.00316666775507423,0.00316666775507423,-1.59573822309571
"11605",1.54988409478229,3.54228947584456,0.00324926511790474,0.00324926511790474,-1.61929199744182
"66977",1.69584431099195,3.54092441633329,0.00325808754635818,0.00325808754635818,-1.6217722474127
"545812",1.34271852976114,3.53612075489548,0.00328932615133232,0.00328932615133232,-1.63050051812234
"21938",1.50706916738455,3.53128570670545,0.00332107362325306,0.00332107362325306,-1.63928618231398
"16658",1.29962596389854,3.53001941937243,0.00332943909757421,0.00332943909757421,-1.64158718431827
"72119",1.62433739991562,3.52961407362426,0.0033321214155828,0.0033321214155828,-1.64232375305684
"107476",-1.74450247556821,-3.52142460779616,0.00338678270856748,0.00338678270856748,-1.6572056304596
"14469",1.39225620508242,3.52115762497402,0.00338857982955423,0.00338857982955423,-1.65769080636491
"17079",1.65012684598685,3.52051252464719,0.00339292610838313,0.00339292610838313,-1.65886312210563
"74041",1.24072425411002,3.5164521627342,0.00342041142227377,0.00342041142227377,-1.66624198254527
"11898",1.31505980722485,3.51206952319782,0.00345032994160271,0.00345032994160271,-1.6742067434253
"20877",1.49145805247319,3.50452079083084,0.00350248115048771,0.00350248115048771,-1.68792589716341
"12514",1.65808121715771,3.50132274631106,0.00352481377146031,0.00352481377146031,-1.69373824233995
"52033",1.92430136408314,3.50029431769399,0.00353202591655008,0.00353202591655008,-1.69560740053374
"56193",1.22678728307298,3.49032896055432,0.00360268451508858,0.00360268451508858,-1.71371983232113
"12236",1.33258168594123,3.4806124846194,0.00367294764269009,0.00367294764269009,-1.73138067320918
"69189",1.21505018919751,3.47749817112753,0.00369575872309363,0.00369575872309363,-1.73704143824276
"16181",2.30919164665076,3.45608920288903,0.00385647387137445,0.00385647387137445,-1.77595690821601
"13057",1.20010261651891,3.45496160068114,0.00386513081978275,0.00386513081978275,-1.77800661195951
"83490",1.26224411912438,3.45455177377042,0.00386828202316701,0.00386828202316701,-1.77875157717246
"17969",1.4762691245234,3.45375107452769,0.00387444613745988,0.00387444613745988,-1.7802070536466
"620913",1.41183749860273,3.45014557227132,0.00390232530408345,0.00390232530408345,-1.78676099137381
"14727",1.88950320752602,3.44618681026907,0.00393316822741006,0.00393316822741006,-1.79395708500921
"16323",1.70740401761538,3.41989476319139,0.00414431806128744,0.00414431806128744,-1.84174940370534
"12046",1.21255705238634,3.39368922552446,0.00436609641592652,0.00436609641592652,-1.88938144978812
"20210",4.52125503118807,3.3904903963813,0.00439397111220938,0.00439397111220938,-1.89519538240613
"15366",2.0465762807304,3.38276034131418,0.00446206990226539,0.00446206990226539,-1.90924448121739
"279572",1.76593549315861,3.3726841219676,0.00455242842050528,0.00455242842050528,-1.92755663584769
"66442",1.23394517225437,3.3657014427644,0.00461611910712848,0.00461611910712848,-1.94024593871145
"108961",1.40976329756855,3.35851282360635,0.00468262097902153,0.00468262097902153,-1.95330875627192
"382062",1.28423490252319,3.34099540574622,0.0048487202507209,0.0048487202507209,-1.98513704331595
"22169",1.55470013617747,3.33827822160039,0.00487500770836406,0.00487500770836406,-1.99007353690961
"18979",-1.53238328910619,-3.3279510612873,0.00497622589082422,0.00497622589082422,-2.0088342457712
"237858",-1.53801712509608,-3.32551974350903,0.00500035984514935,0.00500035984514935,-2.01325074382469
"19348",1.56473817894176,3.3162831835327,0.00509311674784785,0.00509311674784785,-2.03002778343369
"18173",2.15117473029777,3.31111435682116,0.00514577292686258,0.00514577292686258,-2.03941542722114
"108078",1.22201245461303,3.30789389021231,0.00517885554188491,0.00517885554188491,-2.04526411892831
"211550",1.26878428604233,3.30719168649885,0.00518609720232563,0.00518609720232563,-2.04653935686533
"20293",1.98639781021042,3.30671544671823,0.00519101431070951,0.00519101431070951,-2.04740422556186
"65221",1.29132182894602,3.30520312709323,0.00520665971858419,0.00520665971858419,-2.05015061418505
"11556",-1.50385490491603,-3.30268666232595,0.00523279786293827,0.00523279786293827,-2.05472040948399
"18703",1.24862145902716,3.30080636013069,0.00525241386387329,0.00525241386387329,-2.05813485107843
"229898",1.56013261163248,3.29638278984059,0.00529885250135866,0.00529885250135866,-2.0661672388202
"11813",2.40172481590613,3.26499819976944,0.00564032016657904,0.00564032016657904,-2.12313933710642
"16819",1.65140513540679,3.26168940115144,0.00567757669869223,0.00567757669869223,-2.12914392527787
"70466",1.4028411056463,3.25123037228199,0.00579696643039238,0.00579696643039238,-2.14812175457255
"170741",1.2012701339152,3.24772197978848,0.00583757315440361,0.00583757315440361,-2.1544868194717
"218454",1.45076035161113,3.24528818763325,0.00586590884323248,0.00586590884323248,-2.15890203200333
"246746",1.63962545118797,3.22855751332628,0.00606444518235807,0.00606444518235807,-2.18924740165324
"68612",1.71570328081878,3.21798094972813,0.00619339446619501,0.00619339446619501,-2.20842480752296
"14131",1.52591625585281,3.21239124540302,0.00626264384918802,0.00626264384918802,-2.21855809905428
"224171",1.5012081306031,3.19706667561245,0.00645647676359782,0.00645647676359782,-2.2463319666956
"67121",1.27518570369042,3.19561940469696,0.00647508844144106,0.00647508844144106,-2.24895439494281
"12235",1.37220828973233,3.19487553884697,0.0064846752105621,0.0064846752105621,-2.2503022269263
"18973",1.20803042001291,3.18314348336104,0.00663775723058312,0.00663775723058312,-2.27155628097303
"14104",-1.40363852453471,-3.17862265994704,0.0066977009317068,0.0066977009317068,-2.27974445655319
"219144",1.27711861172535,3.16555382908476,0.00687403179453931,0.00687403179453931,-2.30340887176711
"212032",1.64123794258125,3.16114673288851,0.00693452918882163,0.00693452918882163,-2.31138695184139
"12534",1.5266053874012,3.15969104436647,0.00695462787729399,0.00695462787729399,-2.31402192008456
"20296",2.3203680710745,3.15506186942266,0.00701892853256282,0.00701892853256282,-2.32240048342561
"12428",1.80828469916765,3.14447894649688,0.00716815635840868,0.00716815635840868,-2.34155040346327
"23880",1.39849480439332,3.13206271752961,0.0073472575743991,0.0073472575743991,-2.36400923975653
"108907",1.51396117358383,3.13024649137483,0.00737382613197349,0.00737382613197349,-2.36729369211929
"68743",1.35599825361523,3.12985909795569,0.00737950542473907,0.00737950542473907,-2.3679942254688
"414084",1.62791053187124,3.12228098402901,0.00749148003143745,0.00749148003143745,-2.38169602130397
"18733",1.37818156812958,3.11886096968043,0.00754256505760341,0.00754256505760341,-2.38787846294137
"17345",1.72138183388069,3.11366701231106,0.00762080947577158,0.00762080947577158,-2.39726624991389
"16890",-1.31862499416588,-3.10526279964572,0.00774912389110115,0.00774912389110115,-2.41245260751483
"71819",1.32869430153575,3.09892656173342,0.00784727937466663,0.00784727937466663,-2.42389898445294
"54483",1.6205624462448,3.09648402708367,0.00788544533641382,0.00788544533641382,-2.42831066894243
"16409",1.74189036724525,3.08391298364259,0.00808480449479979,0.00808480449479979,-2.45100970975719
"13605",1.66605566037382,3.07446894206406,0.00823785165425706,0.00823785165425706,-2.46805490905743
"231805",1.21248462832347,3.06764622878824,0.00835020043437718,0.00835020043437718,-2.48036482540043
"11754",-2.13208337083324,-3.05757434716929,0.00851883113034945,0.00851883113034945,-2.49853054383066
"14120",-1.29350731083978,-3.04548335864989,0.00872572354940039,0.00872572354940039,-2.52032735955173
"50934",2.0400047968187,3.03556507338253,0.00889914288568525,0.00889914288568525,-2.53819848353067
"67849",1.40309856165197,3.03275831979071,0.0089488341418786,0.0089488341418786,-2.54325430430135
"233406",1.94020922363576,3.0258485476385,0.00907233777720199,0.00907233777720199,-2.55569806425031
"20306",2.20791283824783,3.01294982559628,0.00930741011378462,0.00930741011378462,-2.57891620458712
"75317",1.32903438376321,3.00551827567836,0.00944556736148382,0.00944556736148382,-2.59228653488864
"20715",1.45011030480638,2.99324694400844,0.00967814416038738,0.00967814416038738,-2.61435320752589
"11370",-1.32149662644478,-2.98937915389947,0.00975261452793718,0.00975261452793718,-2.62130546840924
"70218",1.31759721202359,2.98894977010657,0.00976091666246549,0.00976091666246549,-2.62207718821456
"404710",1.48127532888558,2.98709051562128,0.00979694587506495,0.00979694587506495,-2.62541857316113
"73804",1.29336625516948,2.97641472504535,0.0100063780324404,0.0100063780324404,-2.64459827798883
"21973",1.71352736601523,2.96483713118185,0.0102384920754802,0.0102384920754802,-2.66538547555994
"20135",1.55511735183195,2.96068758086059,0.0103229697649544,0.0103229697649544,-2.67283258469174
"50778",1.8492954908654,2.95754046288564,0.0103874972443347,0.0103874972443347,-2.67847947974388
"54403",-1.21300473926598,-2.95695736556368,0.0103994964369859,0.0103994964369859,-2.67952562366269
"56620",1.47645058672128,2.95351696795588,0.0104705726484022,0.0104705726484022,-2.68569738020089
"57262",1.77113203514532,2.95076812055487,0.0105277055810133,0.0105277055810133,-2.69062767703537
"14245",-1.23785078702914,-2.93630563462071,0.0108333919301033,0.0108333919301033,-2.71655428107156
"98660",-1.22183200689671,-2.93263733800154,0.0109123056058228,0.0109123056058228,-2.72312679781299
"13371",-1.40147610385304,-2.92789820772751,0.0110150932016717,0.0110150932016717,-2.73161576275019
"66968",-1.26870003745663,-2.92082261234594,0.0111703314124433,0.0111703314124433,-2.74428530596574
"80885",1.64292269634182,2.91399512263187,0.0113221648588383,0.0113221648588383,-2.75650527831349
"56066",1.4393680039109,2.91263467401073,0.0113526607700952,0.0113526607700952,-2.75893960468426
"72391",1.37666800407072,2.90157770995622,0.0116035269724914,0.0116035269724914,-2.7787165590837
"11656",-1.6087540316941,-2.90023536887802,0.0116343510297048,0.0116343510297048,-2.78111656144936
"218977",1.2680500002752,2.89212183506111,0.0118223807998733,0.0118223807998733,-2.79561841554916
"11722",-1.44873419315151,-2.88960567653025,0.0118812962173312,0.0118812962173312,-2.80011412255746
"18406",1.2070649887674,2.88904767859649,0.0118944006404621,0.0118944006404621,-2.80111101392092
"21942",1.38496562735819,2.88064980214412,0.0120933444028086,0.0120933444028086,-2.81610970058655
"58805",-1.85604495668907,-2.86144241480802,0.0125607162147716,0.0125607162147716,-2.85038160995916
"13592",-1.5758589548928,-2.86025244822183,0.0125902471722542,0.0125902471722542,-2.85250335202295
"14235",1.36254029975018,2.8440098048945,0.0130002023202178,0.0130002023202178,-2.88144616409585
"19013",-1.54196588976632,-2.84315257789526,0.0130221977805882,0.0130221977805882,-2.8829727025758
"12316",1.35479488910669,2.82671225411604,0.0134511574091965,0.0134511574091965,-2.91223043039164
"22177",1.20319457912228,2.81590141660204,0.0137407368627716,0.0137407368627716,-2.93144970910458
"11364",-1.43879604882911,-2.80259065826176,0.0141056621735721,0.0141056621735721,-2.95509087591028
"22361",1.25583637482722,2.79766190894688,0.0142431768154871,0.0142431768154871,-2.96383840651226
"26570",1.43527132695762,2.79597382795459,0.0142905755800284,0.0142905755800284,-2.96683360334215
"108912",1.33637355674174,2.75878874414985,0.0153746080252308,0.0153746080252308,-3.0327048397745
"14311",-2.32956889582722,-2.74734989781035,0.0157239172907594,0.0157239172907594,-3.0529256283397
"93719",1.26713418369595,2.72922351332761,0.0162933312429986,0.0162933312429986,-3.0849255921623
"103968",-2.61411135873071,-2.71624822546913,0.0167132033540732,0.0167132033540732,-3.10779903589444
"12442",1.51200389596193,2.70399086656623,0.0171194963156528,0.0171194963156528,-3.12938104926972
"68891",1.42556639261752,2.70043701405058,0.0172390793849289,0.0172390793849289,-3.13563368672879
"245126",1.33106430153959,2.6978785519289,0.0173256706627233,0.0173256706627233,-3.14013369594858
"12768",1.56648729458806,2.68096692492964,0.0179087605219269,0.0179087605219269,-3.16985048667571
"100705",-1.90317559166171,-2.6800024844728,0.0179425809936433,0.0179425809936433,-3.1715436682274
"269275",-1.57789962282329,-2.672263974724,0.0182162030951419,0.0182162030951419,-3.18512347352446
"102640171",1.33111968403624,2.65966684323668,0.0186702945428666,0.0186702945428666,-3.20720626178677
"23985",1.73112919139217,2.64909227376299,0.0190599297142172,0.0190599297142172,-3.22572103440741
"319189",1.20250422446919,2.62367928786365,0.0200287687182443,0.0200287687182443,-3.27013002233172
"100503605",-1.71928489496471,-2.61654057409786,0.020309382728393,0.020309382728393,-3.28258250938969
"69165",-1.55961818505868,-2.59180081840173,0.0213115593112728,0.0213115593112728,-3.3256594031112
"75552",-1.55538136419912,-2.5879854064105,0.0214703041062641,0.0214703041062641,-3.33229181084936
"13038",1.34955738537254,2.56355372706467,0.022514164526281,0.022514164526281,-3.3746903982062
"232493",-1.73397693673933,-2.56038229499594,0.022653199181545,0.022653199181545,-3.38018487182409
"18534",-3.31507166366901,-2.54184578796126,0.0234825110905582,0.0234825110905582,-3.4122558853696
"27273",-2.47412103501319,-2.52732878424128,0.0241522979664473,0.0241522979664473,-3.43732000489525
"27226",1.53225209631418,2.51385759189952,0.0247902177865985,0.0247902177865985,-3.46053629592238
"67512",-1.55903955490235,-2.49838325516027,0.0255429479505687,0.0255429479505687,-3.48715365224228
"12984",1.4270490754543,2.48448089904631,0.0262378514503616,0.0262378514503616,-3.51101947185589
"13076",-2.35795645407923,-2.46564523490705,0.0272082662753328,0.0272082662753328,-3.54328074487014
"80838",1.46683147230096,2.44339492040792,0.0283988281238762,0.0283988281238762,-3.58127897048476
"20310",1.63153911655101,2.42233150493959,0.0295715765860839,0.0295715765860839,-3.61713580921702
"12683",-3.12541450945046,-2.41577409009998,0.029945999927917,0.029945999927917,-3.62827546191565
"12642",1.21355576795794,2.4124819928249,0.0301356744848511,0.0301356744848511,-3.6338638228239
"11433",1.32124007760348,2.39450551161466,0.0311917268938914,0.0311917268938914,-3.66432878480494
"83379",-1.35244320864742,-2.39094814788309,0.0314048393566329,0.0314048393566329,-3.67034731720475
"101488143",-1.89201520389426,-2.38002642799219,0.0320678108472583,0.0320678108472583,-3.68880395611017
"13106",-2.33226704868932,-2.37040784265604,0.0326626669598616,0.0326626669598616,-3.70503155425595
"12869",-2.68419770097136,-2.36359937046738,0.0330900466249881,0.0330900466249881,-3.71650280196933
"13850",-2.0355873942555,-2.35686479331296,0.0335180015153175,0.0335180015153175,-3.72783688212606
"170439",-1.75543580225562,-2.35036360885339,0.0339360978597469,0.0339360978597469,-3.73876612237936
"16176",1.30173924430193,2.34175630271011,0.0344972449355705,0.0344972449355705,-3.75321762666198
"21906",-1.66247314970939,-2.32594273601917,0.035551161212622,0.035551161212622,-3.77971307180529
"74147",-1.23499461205188,-2.31768572851564,0.036113487510999,0.036113487510999,-3.7935187902214
"67133",1.93550617890399,2.30820369366796,0.0367696044479421,0.0367696044479421,-3.809348054459
"18213",-1.40927839762023,-2.2948476806634,0.037712890828696,0.037712890828696,-3.83159917606959
"22227",-4.12258128033855,-2.28404646220907,0.0384923802241011,0.0384923802241011,-3.84955470884123
"319172",1.22931741350901,2.2786687241788,0.0388861098690177,0.0388861098690177,-3.85848119976993
"55985",1.72086681150439,2.27653085667397,0.0390436840577143,0.0390436840577143,-3.86202737437364
"11832",-2.38684896507675,-2.27615343388203,0.0390715648186729,0.0390715648186729,-3.86265327602159
"11846",1.85867462319867,2.26154191451069,0.0401654516434498,0.0401654516434498,-3.88685046330955
"14555",-2.091619403356,-2.25835852455972,0.0404075649415104,0.0404075649415104,-3.89211343272084
"20311",1.39222989845152,2.22032657974446,0.0434080661010001,0.0434080661010001,-3.95474040765693
"12686",-2.32032628836255,-2.20660514814605,0.0445409379199356,0.0445409379199356,-3.97721994995952
"20216",-1.52025897545783,-2.20055579690774,0.0450491172997297,0.0450491172997297,-3.98711061745094
"77037",-2.35237186450323,-2.19143634438694,0.0458254515352125,0.0458254515352125,-4.00199767512383
"19088",-1.22870178228299,-2.17093485497042,0.0476165515672877,0.0476165515672877,-4.03536211839711
"319942",-1.59581193151928,-2.16488324590724,0.0481575915653077,0.0481575915653077,-4.04518293560008
