"","control","LPS","BaP","combination"
"100038358_at",0,-0.0988679045039177,-0.152205103614483,-0.0434987431751615
"100038453_at",0,-0.0333831651374491,-0.0101334012856487,0.41774862113576
"100038479_at",0,-0.00482402336330744,-0.0337238301820376,-0.0304537206478591
"100038566_at",0,0.169952394909373,-0.0855980650759194,0.0122232084096557
"100038709_at",0,-0.147752200448714,-0.365301166473293,-0.150206476333233
"100039691_at",0,-0.0150240676218615,-0.255313942036139,-0.0987229351129774
"100040201_at",0,-0.0425218338604623,-0.0838062320067749,-0.145907705039901
"100040268_at",0,0.0798050952037552,-0.275220166584611,-0.1424176719626
"100040608_at",0,-0.125106699836362,-0.121556085029884,-0.13250573917323
"100042069_at",0,-0.160215446885738,0.0716755362478569,-0.196875567610829
"100042918_at",0,0.474689983758362,-0.0305478082449783,0.0874644880459065
"100043757_at",0,-0.107625676110312,-0.305759708108582,0.012467336176978
"100043771_at",0,0.329360318087952,0.924093125150647,0.0221539295468527
"100043911_at",0,0.252258715097251,0.0677372848686391,0.345839982593032
"100044509_at",0,0.093186971219166,0.172462594454907,0.305130911059418
"100049549_at",0,0.133707820558258,0.0107852614014886,0.341850249479921
"100124660_at",0,0.80823072635848,-0.260877135984579,-0.184242656008786
"100125339_at",0,0.195670627001125,0.039566064718172,0.367801333054247
"100126434_at",0,0.40998150102713,-0.0778878441590878,0.0894841550882162
"100213_at",0,-0.550043801474255,0.192770461416136,-0.296975853485745
"100217446_at",0,0.334765033189988,-0.40317495064688,-0.00169333520636233
"100273_at",0,0.0152616949428276,-0.0160190957844723,0.0236172393740532
"100434_at",0,-0.0291510573425149,0.185802309334086,-0.1059430774469
"100503311_at",0,0.233049556120947,0.0270660087451929,0.115991340309778
"100504164_at",0,-0.104541966855064,0.21424071467303,-0.0496683901001568
"100855_at",0,0.238449493935456,0.0982956080498543,0.432369663102754
"100900_at",0,0.252982735207434,0.0147237520335795,0.316395998835001
"100986_at",0,-0.17407334077135,-0.234330886018097,-0.145090111755242
"101202_at",0,-0.0672634897298432,-0.493592894759058,-0.435180868642259
"101592_at",0,0.214490786247458,0.120619341569595,0.205802001299301
"101861_at",0,-0.200498411732275,0.0471806728790061,-0.0943149335402985
"102032_at",0,-0.324542161590888,-0.110092403865318,-0.265667169117797
"102216272_at",0,0.101554081876256,-0.162100921511213,-0.0811675455475201
"102462_at",0,-0.046331478311341,0.120268677615545,-0.140343392743111
"102566_at",0,-0.279000034023795,0.0993106026000144,-0.0427983163813665
"102631977_at",0,-0.315389967156948,-0.556478357808017,-0.770302396764268
"102632213_at",0,-0.059745894119624,0.220424826320017,0.236012968060224
"102632285_at",0,-0.0209914423901591,-0.039732469683248,0.107610286115435
"102632690_at",0,-0.0818883817188327,-0.0491029387647882,-0.0109931215577926
"102634736_at",0,-0.163469352420749,0.200918550905325,-0.623744015554534
"102636451_at",0,-0.179505722730159,-0.166438404682002,-0.0275006763410263
"102638882_at",0,0.0782265220904989,-0.432415833250645,-0.172923418722823
"102639495_at",0,1.14362762434106,0.247037609631851,0.343420161832321
"102640040_at",0,0.560266671468244,-0.0715167544657085,0.340519480536206
"102640399_at",0,0.397055101385166,-0.0355956350265416,-0.45322778441314
"102640495_at",0,0.198624003906039,0.0340775992315982,0.0471883858606204
"102640920_at",0,0.227221309480964,-0.0939704834418378,0.609283944363632
"102871_at",0,0.267780837227601,0.134302721516527,0.800840786951632
"103012_at",0,0.118896303250824,-0.380434589264615,-0.0739001678211285
"103655_at",0,-0.347334600332981,0.400253729416705,-0.223720298335659
"103742_at",0,-0.0905679019050535,0.0334431209222241,-0.122111820019062
"103836_at",0,0.0459917976851036,-0.188278960989206,-0.0412999539198582
"104307_at",0,0.377490864757343,-0.42816649315387,-0.0553828299236586
"104725_at",0,0.401029059040131,-0.0141634737766032,0.24484785988266
"104759_at",0,0.696357896293574,0.0806211310979661,1.535869944673
"104884_at",0,-0.109524030547948,-0.0800010155890836,-0.270162364751148
"105203_at",0,0.329576030899382,-0.173886893243986,0.0163766893009146
"105722_at",0,-0.0957237755043706,0.19314128645822,0.0253741185374884
"105833_at",0,-0.401691494099499,0.228392936850426,-0.341560303513552
"106021_at",0,-0.0730795301281664,-0.0693173099616928,-0.0272849362690166
"106522_at",0,-0.132971889931844,-0.0755958871050398,-0.24873698434676
"106572_at",0,0.0364981680298985,0.0691607022059395,0.17407776233814
"106947_at",0,-0.0553460164061689,0.283662339356398,-0.000779017320550741
"107035_at",0,0.0662236188283064,-0.0843129618575453,0.122187981726428
"107372_at",0,-0.143707957046324,-0.450015175035272,-0.241230103569436
"107435_at",0,0.805286136379802,0.151383764111014,0.768291083465767
"107587_at",0,-0.145924913771789,-0.255656856945309,-0.367559747019322
"108096_at",0,0.806307542655781,0.257767986663645,0.719202808142315
"108652_at",0,0.396353765074181,-0.0820832164598899,0.330899105866084
"108664_at",0,0.132131282283748,-0.2783033902771,0.0849670524786117
"108760_at",0,-0.532245868690558,-0.0505004960673937,-0.589720210239587
"109151_at",0,-0.00792896950520919,-0.157726736323358,-0.103742568710275
"109241_at",0,-0.143074056227331,0.0887830206359643,-0.166989134111752
"109801_at",0,-0.0913351020493818,-0.136444697337534,-0.340923394608725
"110119_at",0,0.144184689607883,-0.0740191007430079,0.0660535396511776
"110606_at",0,-0.0528506720151655,0.306022762922333,-0.150352806528459
"110648_at",0,0.239574101159545,-0.0175874895295552,0.102078808833942
"110835_at",0,0.101918028343421,-0.162653070893151,-0.0978189055879062
"111970_at",0,-0.0689828522582805,-0.0776514219014622,0.171171334042034
"113856_at",0,-0.145147871191912,-0.303136268689648,-0.1977796359972
"11487_at",0,0.296792888942777,0.0630326424643708,0.322637134610348
"11536_at",0,-0.700467668552359,0.238705298571822,-0.376010491220001
"11537_at",0,-2.09792999342317,-0.694618221894598,-3.21637386764753
"11572_at",0,0.196705608059093,-0.0537426247223022,0.205016709669382
"11610_at",0,0.348828971752074,0.622457191152835,0.601490793844387
"11622_at",0,-0.514498212752197,0.0139656135438191,-0.192084964400906
"11658_at",0,0.0707041469634433,0.186677541614706,0.156161285468388
"117066_at",0,0.420332600000849,-0.0163962858482625,0.145340768145421
"117109_at",0,-0.0270347576377257,-0.09578492553126,-0.170145030361826
"117160_at",0,-0.218992782647709,0.229479158587267,-0.0629932764314495
"11736_at",0,0.223013838037438,0.0984630128504245,0.468393145760877
"11758_at",0,-0.429344975163347,-0.195766930383367,-0.527630825929987
"11775_at",0,-0.130033155175392,-0.0276374166384721,-0.022066375138784
"11871_at",0,0.0381020572308324,-0.384223907309817,-0.118565899059397
"11909_at",0,-0.0136580470063949,-0.0432569874865498,-0.145434408786167
"12000_at",0,0.183562173886524,-0.0252154084828517,0.23808767307829
"12123_at",0,-0.00961095578255103,0.115571741763151,0.0096742488065031
"12153_at",0,0.28210819085095,0.0958397645979062,0.235182112599133
"12190_at",0,0.525529446682123,0.0900118784847555,0.636877983024384
"12223_at",0,0.0252710728529885,0.0207523934633233,0.164128446992949
"12260_at",0,1.5779833275295,0.494054668812263,2.32058824370209
"12289_at",0,-0.0094863108952296,0.0751540196162449,-0.0011467818183295
"12350_at",0,-1.43719559999745,-0.890723262066219,-2.98501442055965
"12353_at",0,0.248819179332434,0.293179944479714,0.214778963911254
"12367_at",0,0.310446553336201,-0.0991859347581781,0.303088600519387
"12386_at",0,0.0852379476245423,-0.0269342771136779,0.0297515396923053
"12399_at",0,0.560892418028704,0.125664995228581,1.03116589850566
"12452_at",0,-0.0423294888485981,-0.504120776507594,-0.242415604528936
"12562_at",0,-0.818670281014074,0.189661665051361,-0.456067776432021
"12565_at",0,-0.0785269279233416,-0.164549335074193,-0.289876478312254
"12684_at",0,-0.137716077490438,0.121059201750063,0.236972703985586
"12793_at",0,-0.0136856255371707,0.0185566875477628,-0.073884559481498
"12864_at",0,0.261660280413997,-0.393466996275619,-0.157773972887127
"12868_at",0,-0.451528262540711,-0.14892048065787,-0.278289595976881
"12896_at",0,-1.67464730888425,-1.50351644932992,-1.56161248514434
"12903_at",0,-0.492959826898204,-0.210899268163968,-0.451597188703129
"12908_at",0,-1.37829684810377,-0.930136622718303,-1.32045394343488
"12909_at",0,0.302855838705239,0.147220967741027,0.409940685745677
"12918_at",0,0.00722960874099843,0.0290052072035814,-0.0790021712552355
"12921_at",0,-0.255180689730045,-0.0936719199760602,-0.122344518307744
"12943_at",0,-0.239694529330306,-0.463563077072764,-0.234421813840862
"12944_at",0,0.0241680796007891,0.0827020803874629,0.0174062303179608
"12946_at",0,0.113504595289275,-0.0576393843884826,-0.134911029023807
"12972_at",0,-0.302871568446477,-0.239174250456657,-0.331021560551388
"12991_at",0,0.0474568775243605,-0.302510350449294,-0.163240017504341
"13025_at",0,0.456798122747535,-0.257837508341799,-0.0730358453362507
"13026_at",0,-0.192699192672977,0.0764290420134192,-0.0331324237761064
"13046_at",0,0.155762536000467,0.0548396517502729,0.0356100898929316
"13048_at",0,-0.0406384732799472,0.0808657651867516,-0.153911157563113
"13076_at",0,-2.38767678661774,0.340306232897717,-2.82012267986062
"13077_at",0,-0.15710576451008,-0.264218985094346,-0.167911098559062
"13078_at",0,-0.343512989935468,-0.346932180687996,-0.331442019080632
"13082_at",0,-0.0880450533135477,-0.130934118399089,-0.287468826699361
"13168_at",0,-0.763491557412758,-1.21349083020659,-0.50287791384244
"13178_at",0,1.30461771792341,0.223234146463659,1.21556796776703
"13194_at",0,-0.302805607724183,0.151997881189858,-0.23865711741633
"13198_at",0,0.280960341762331,-0.169884453849309,0.430315098910702
"13380_at",0,0.212169310461441,0.258480962035611,0.327123944627843
"13390_at",0,-0.0163885647167971,-0.131623136199604,-0.00700167932019069
"13392_at",0,-0.368110305007847,-0.346768387598439,-0.52559671394794
"13411_at",0,-0.130801517087642,0.141626712510741,-0.116083460986597
"13559_at",0,0.138644098155693,-0.0116854933799236,0.0493600837962633
"13648_at",0,-0.0649059724208378,-0.099133849498787,-0.039329351585548
"13796_at",0,0.0280224309712471,-0.0757155907483141,-0.167357678539945
"13845_at",0,-0.467376436481133,0.260935556350836,-0.25052866733488
"13861_at",0,0.0696462442044057,0.18157888134647,0.1109232939183
"13863_at",0,-0.135608123141891,-0.188374796584473,-0.223801747886683
"13929_at",0,0.0368851315005557,-0.0398593558647385,-0.0217357142243586
"13984_at",0,-0.0892746699742431,0.0524267302853795,0.0546311094575687
"14000_at",0,-0.163763744149283,0.119748429744356,-0.203111972937763
"14008_at",0,-0.218503992674977,0.0405620764507552,0.0262070317920206
"140484_at",0,-0.210494262056454,0.101943768399126,-0.0122578564603655
"140486_at",0,-0.119556055539509,0.192240538447446,0.0508691096450058
"140499_at",0,-0.169908337934638,-0.116565084192134,0.0744657055877127
"14051_at",0,0.0694687581242115,-0.484330431308075,-0.108706444974278
"140741_at",0,-0.0560905183640622,-0.0854206000198975,0.0718024727943742
"14172_at",0,-0.415902554491292,0.208923252085868,-0.129301167959266
"14261_at",0,-0.74673550110159,-0.127635142054614,-0.680799119389534
"142682_at",0,-0.548910160619037,0.168404791092963,-0.450909817320009
"14369_at",0,-0.437097667435008,0.188939858698418,-0.248588672582427
"14385_at",0,0.0636070427008052,0.139739096239591,-0.0714360139386582
"14397_at",0,0.0318994934927133,-0.00585657539273968,0.0678285810337991
"14412_at",0,-0.0162102023150217,0.0649703763950885,-0.0396122790245082
"14422_at",0,0.128456804531361,0.0727779452478538,0.18536794168429
"14457_at",0,-0.0318902450484736,0.0920337517225522,0.254299984674747
"14605_at",0,-0.565009215624967,0.0307751418535107,-0.55789431120057
"14625_at",0,-0.290138246619101,-0.138117836283354,-0.0566135397207576
"14626_at",0,0.120009206957698,0.0610125161010788,0.153021725306344
"14657_at",0,0.013696249390088,0.0029078085245384,0.0278021955625165
"14664_at",0,-0.517839868708695,0.163825123351344,-0.293234360906536
"14676_at",0,0.270729529001095,-0.0841691519073093,0.718581423362072
"14762_at",0,0.106056325276865,-0.304442162755413,0.68157690267898
"14764_at",0,-0.150464312466378,0.167822951290618,-0.242584574806843
"14793_at",0,0.931628699302821,1.04922334694315,1.09475174564938
"14829_at",0,0.214179513976695,0.0924852954020855,0.132331057551496
"14941_at",0,0.0566837904833562,0.070293659519863,0.104148353833263
"15185_at",0,0.0827032423792988,0.129274099288951,0.0380091872375406
"15203_at",0,-0.41287962028168,0.166747461917872,-0.304500741158564
"15254_at",0,0.277622010404032,-0.192911365056188,-0.0286039439062749
"15388_at",0,-0.0523290089333129,-0.0178190378237847,-0.104242344256296
"15415_at",0,0.0592171489123206,0.185027889174752,-0.0998263272308349
"15431_at",0,0.0500613449983327,0.107551459543545,-0.0956981913812346
"15446_at",0,-0.148997384160759,0.158325971783748,0.0416797198536789
"15450_at",0,0.141827051755718,-0.153131066374369,0.101597311241206
"15465_at",0,0.0065008838843869,-0.104989866831576,-0.0030203597269918
"15891_at",0,0.0746538457255695,0.131265680587638,0.122638946890212
"16186_at",0,0.359750232566422,0.23444268632693,0.795625707113925
"16367_at",0,-0.730131979224926,-0.104293355366053,-0.652594949653218
"16400_at",0,-0.222000908005524,0.761622220118736,0.06004538220883
"16414_at",0,0.681418255352712,0.056903254419688,1.07603501915949
"16424_at",0,-0.039550932132429,0.000216477381821338,-0.0112198132018269
"16468_at",0,0.0641106609220408,0.00028441107590904,-0.0653262310380596
"16478_at",0,-0.335212852701259,0.337308685533703,-0.267778996159161
"16627_at",0,0.0741110986704169,-0.0106516350337733,0.0965113465997787
"16661_at",0,-0.182199192785988,-0.138201966000797,-0.183902026624708
"16666_at",0,0.554240480144597,0.183021119706162,0.284365028955055
"16671_at",0,-0.00558353409979266,-0.0115545979915948,-0.239006100764278
"16703_at",0,0.256445022445646,-0.081882618958585,-0.0148172707747484
"16898_at",0,0.345952360157556,0.0564562652984895,0.197169072571091
"16905_at",0,-0.271366473123562,0.22542019775909,-0.220570049567885
"16985_at",0,0.0396580104135646,-0.147117630364377,0.173552171428787
"16988_at",0,0.98985346241237,-0.0311804711225388,1.62398770649419
"170643_at",0,-0.12491967282335,0.470463910222706,-0.143792408661677
"17071_at",0,0.00237585275662031,-0.258651698231173,-0.0969244756052517
"170722_at",0,0.249506646876894,0.190259462204165,0.173058908111359
"170728_at",0,-0.316177784109743,-0.510213258198158,-0.350807418361662
"170756_at",0,0.0805725886334957,-0.123408588089349,0.498542359422851
"170828_at",0,-0.0802550541800878,-0.0657542283633175,-0.106287949049074
"170935_at",0,-0.0586191135917308,-0.0461941910817893,-0.0692757970212036
"17105_at",0,0.27084430543253,0.0524455825372518,0.269816523731728
"17113_at",0,0.149891148541485,-0.0855548337782727,0.335377588756117
"171199_at",0,0.525707859150002,-0.0174848875504696,0.0689097703675132
"171224_at",0,-0.0438594563779578,-0.0581011519567941,-0.0115324231617186
"171248_at",0,0.0554174778226755,-0.0437397207650969,-0.0720740305682036
"171257_at",0,-0.0193099332376656,-0.30073226043024,-0.117953436339033
"171274_at",0,-0.0971222870248346,-0.124820287317634,0.320969112550679
"17159_at",0,0.11928575713087,0.11606767871156,0.537301805870613
"17181_at",0,-0.3712962075334,-0.448080889979787,-0.529489459092867
"17220_at",0,0.55286129506398,0.492395321064,0.618331594600152
"17250_at",0,-0.0561868852588201,-0.0792324928460554,0.0560341345963826
"17450_at",0,0.012734485068218,-0.162909392189871,-0.243880245620453
"17535_at",0,0.355490052118515,0.035020604350891,0.163655582129853
"17750_at",0,-0.564084247028779,-0.256167530893733,-1.00907369286296
"17760_at",0,-0.156999955189838,0.553758084532785,0.0129957726155373
"17773_at",0,0.0532695173909216,-0.0299362927260167,-0.0443699962889682
"17857_at",0,2.22766969429529,-0.293311956521261,2.86314587565124
"17858_at",0,1.47765603095101,-0.259853207643734,2.00116009437548
"17916_at",0,0.846855984409744,0.0482207233235393,1.44553821327402
"17955_at",0,0.00796363119394238,-0.114841837455684,-0.100707802428878
"17974_at",0,-0.0251428329338254,0.126902472680362,-0.367140303835837
"17986_at",0,-0.075837665662309,-0.0922797947909409,0.0278576397955008
"17996_at",0,-1.19873605539425,-3.92084530772983,-1.57789488053721
"18024_at",0,-0.0304796960586978,0.141750398230495,0.00282978952732559
"18029_at",0,-0.460678540753667,0.398692473026416,-0.197488443620399
"18159_at",0,-0.148672933875791,0.05594958992236,0.0252934565978254
"18168_at",0,0.103557238624645,0.0496097526257911,0.042969633339922
"18194_at",0,-0.248465636310261,0.253443924831617,-0.677148184367091
"18214_at",0,-0.347327846629162,0.277461158812368,-0.387492966759364
"18310_at",0,0.064940288265243,-0.166515264146279,-0.11334350619236
"18332_at",0,-0.00155708641929575,-0.112337338854177,-0.160681270654087
"18344_at",0,0.223121168159723,0.207781682719105,0.0871649482087323
"18390_at",0,0.0996809756092377,-0.0274388261999544,-0.275902299601362
"18413_at",0,0.748230375620993,-0.181151104802191,0.752337839081494
"18426_at",0,-0.366304159142473,-0.532550926590997,-0.41938435416983
"18475_at",0,0.115321563374423,0.0906085040365625,0.0922037752608464
"18476_at",0,0.275324896611427,0.320145138047324,0.188778052678652
"18506_at",0,0.198743026894251,0.155375663863602,0.0330940135701457
"18577_at",0,-0.428333330987693,-0.305819543015851,-0.40768599867824
"18585_at",0,-0.677693351806387,-0.0505806363302235,-0.411859838627499
"18636_at",0,0.429522316609763,0.162234418819571,0.723500985129078
"18669_at",0,0.0665301147478675,-0.461261762105511,0.202128050738949
"18671_at",0,-0.364884200604434,0.0300257610531732,-0.0483418893290863
"18716_at",0,-0.170905264137252,-0.162651066797622,-0.282086585614307
"18972_at",0,-0.17041305963278,0.422176263395042,-0.131055276937803
"19056_at",0,0.243543576532968,-0.144343803613462,-0.00599559208219323
"19064_at",0,0.0923972022088543,-0.00624088985474469,-0.148569347554494
"19206_at",0,-0.536930724150017,0.216738482709263,-0.444270313197554
"192173_at",0,-0.227536331556603,0.0115184948995526,-0.118159430054655
"192201_at",0,0.0711936983649284,-0.0760973008120905,0.173469352216128
"19258_at",0,-0.231840745275258,-0.396162269265916,-0.4045689137325
"19262_at",0,-0.0840682249686879,-0.117279272374662,-0.116998112094351
"192657_at",0,0.234290723201911,-0.214732693868663,0.22698295397443
"19337_at",0,0.0386516593049935,0.17693254922234,-0.00388600017863489
"19411_at",0,-0.439045907008532,0.00657782219009321,-0.325242161229359
"19726_at",0,0.355464769745252,0.0128076019034645,-0.0993034198191912
"19746_at",0,-0.00443170029826431,0.217184907489752,-0.076412572107844
"19782_at",0,0.242491559779188,-0.205347286114808,-0.057137573475881
"20104_at",0,0.388634272554894,0.182346034393125,-0.0673978495429517
"20195_at",0,0.362470591626529,0.433630864283456,0.196928822485565
"20196_at",0,-0.0777381356248663,0.100981198334843,-0.0342966966881911
"20204_at",0,-0.370769678569273,-0.266060177636261,-0.579591112127467
"20315_at",0,0.142962558961939,0.425124531933627,-0.0139725981822611
"20399_at",0,-0.0458461813786115,0.0182280252668886,0.0296591223965915
"20437_at",0,0.179230158169157,-0.134681001226828,0.087602283820001
"20446_at",0,-0.382169098446881,0.294737458770874,0.0737832468793888
"20469_at",0,-0.0749054791853951,0.251445843537468,0.132567163407942
"20494_at",0,0.234517503768053,-0.0808820414385645,0.102649274669885
"20500_at",0,0.216293788209551,0.227161741146934,0.122878125498557
"20524_at",0,-0.314618589661185,-0.0750325333281694,-0.301268277160765
"207596_at",0,-0.338258406827859,0.148529404782057,-0.33652626816465
"20776_at",0,0.0694380807219608,0.0518205965524849,-0.243380553325938
"207785_at",0,0.0953734001399435,0.120856739675227,-0.137111806451238
"207921_at",0,-0.261753613598516,-0.23782684392064,-0.200421894189157
"208079_at",0,-0.280507620907543,-0.256811913827395,-0.72429774529054
"208595_at",0,0.381117641355553,-0.129820837990155,0.125412344289917
"20862_at",0,1.13948359366922,0.184369796823861,0.862236778007464
"209039_at",0,-0.715860254745703,0.236971683610209,-0.58680453763087
"209131_at",0,0.192417624890593,0.278267776812702,0.348728730957663
"209225_at",0,0.185237621854145,0.22907974601467,0.363239708050152
"20928_at",0,-1.16835008859973,-0.308181049092967,-1.20192593170216
"20937_at",0,0.249450922624578,0.303817417286115,0.310456976597631
"209446_at",0,-0.0889951825610252,0.223510021302783,0.160871483723246
"20945_at",0,0.0122669276837244,-0.162520134059099,0.0258543206517437
"209513_at",0,0.211716422410018,0.0671321883663018,0.0268115960839572
"209540_at",0,0.0498189951791569,0.0717432675412219,-0.0891112935834473
"209692_at",0,-0.26195892975888,-0.318861617079677,-0.244570446903658
"210029_at",0,0.419933103511027,-0.1542059557161,0.667020563706066
"210622_at",0,-0.520377905917994,0.035359951671555,-0.283552835336457
"210673_at",0,0.0123904187398336,-0.043597500501053,-0.00731894711571335
"210719_at",0,-0.239028706091564,-0.212832720935394,-0.0990040915689433
"210762_at",0,0.442187572822807,0.299424832700933,0.296227018341215
"210808_at",0,1.13579582080719,0.171977690783323,1.7204280589782
"210998_at",0,0.0708364155517313,0.0498156561853897,0.112697967105408
"211389_at",0,-0.709793414251878,-0.103640260984771,-0.487039861557187
"211936_at",0,-0.0245821222068494,0.0370709262217287,-0.0611035405615018
"211961_at",0,-0.4121910157269,-0.487763678957315,-0.545540971222113
"212153_at",0,-0.0717107106247416,-0.136543624212722,-0.00626763941670089
"21357_at",0,-0.355234133375392,-0.212329734910886,-0.64751376959068
"21367_at",0,0.335057721523329,0.151681884758145,-0.0667298270344591
"21405_at",0,0.597442913933943,0.315101053839308,0.37535268304242
"21416_at",0,-0.135237241337054,0.0905997645512848,0.0249771971102273
"21418_at",0,-0.117874190169665,-0.492897217031996,-0.536736861245164
"214240_at",0,-0.241318151270469,0.293251292245851,-0.0588197958017783
"214403_at",0,-0.449117053499902,-0.228953499763839,-0.32661527799656
"215001_at",0,0.110288909152688,-0.195517972927645,-0.0389649771766624
"215095_at",0,0.0146380798392058,-0.124875896272817,0.043103373903613
"215114_at",0,-0.306595561323448,0.193379374429518,-0.135512179108338
"215714_at",0,-0.298940353947526,-0.421124221036915,0.0341467994359373
"215728_at",0,-0.0900257820940375,-0.138200412755488,-0.148500123176858
"215854_at",0,0.14547136041504,-0.0781891746825091,-0.154241521300552
"215895_at",0,-0.0195649093018307,-0.260765390963972,-0.237768085433072
"216136_at",0,0.158928635553091,0.0601125314723032,0.0557788584778452
"216198_at",0,-0.252203287256911,-0.0588471327985976,-0.224687197763548
"216616_at",0,-0.401747043213441,0.0446726378715524,-0.552491707643317
"216797_at",0,0.00344303815544221,-0.179021101420091,-0.161466941658669
"216831_at",0,-0.239675155906504,0.365140809451212,-0.150474816506151
"217082_at",0,-0.0592824950598487,0.207766522063905,-0.0410182114928407
"217216_at",0,0.277021516414811,0.438730545104277,0.345438541537874
"217232_at",0,0.263477526345217,-0.0302506962139121,0.14164415460285
"217310_at",0,-0.278052581022484,0.18950934796307,-0.272819488941394
"217325_at",0,-0.174400940206802,0.329655838131179,0.00155105480146083
"217351_at",0,-0.0663319853991376,-0.00843728628806415,-0.0972748790737802
"217666_at",0,-0.0512142431099069,-0.796974824493824,-0.690245598490257
"217980_at",0,-0.18106361012842,0.0659304342906511,-0.0984418003967932
"21812_at",0,0.865374303802943,-0.161341481572573,0.935941021643074
"21819_at",0,-0.043115977837941,0.0833681240114904,-0.0931283367834108
"21828_at",0,-1.00057363013818,-1.15873784585125,-0.979700346346137
"218311_at",0,0.240690991972968,0.170950774716242,0.404514294070567
"21846_at",0,-0.684500405921286,0.0653356494463477,-0.372091996260533
"218506_at",0,-0.116603667028956,-0.13113751328594,-0.271604434210091
"21871_at",0,-0.0516969426583149,0.0503537667474038,-0.00227156184123437
"21881_at",0,-1.04634506222572,-0.859595613186339,-1.30742824949029
"218877_at",0,-0.554801766386779,0.251844156109785,-0.37935111907699
"219135_at",0,0.140662069139647,-0.0703738056252543,0.156324499789552
"219140_at",0,0.536027840142183,0.0449342777416604,0.35593645730002
"21916_at",0,-0.297505109530891,0.215226839237015,-0.280745348458838
"21930_at",0,-0.303970141818981,-0.134849443576564,-0.740572934269292
"21951_at",0,0.037889967074039,0.0337472450561299,0.104569730813467
"21953_at",0,-0.888437670456255,-3.33034381981311,-1.37008904689611
"21958_at",0,0.237108402208635,-0.113410663507051,-0.0782385353803273
"22004_at",0,-0.908386427995168,-1.56124406896716,-1.30265080102265
"22062_at",0,0.0858623652476053,0.116014196418125,0.0937459534023068
"22073_at",0,-0.0198220582112428,0.0290012178323601,0.144222138341026
"22084_at",0,-0.223810164244775,0.29705667770515,-0.107374767921764
"22095_at",0,-1.35195773832292,-0.916768786335342,-1.46103195202109
"22115_at",0,-0.150765979692329,-0.169147496803686,-0.211121619743907
"22138_at",0,-0.819996915303556,-2.1648375816968,-1.66300321839651
"22139_at",0,0.0591640121745328,-0.700475783058683,-0.557499264952834
"22151_at",0,-0.166693533359205,0.453021809969908,-0.0356905647281894
"22210_at",0,0.0886144327724828,-0.528018789978306,-0.201591531912345
"22268_at",0,-0.43984626804695,-0.19422772179786,-0.395355350475216
"22333_at",0,-0.272410428133149,-0.291326263346295,-0.29842697276557
"223723_at",0,-0.0821407516611683,0.443775181712192,0.0183940683728312
"22377_at",0,0.165477908472673,0.205551028556145,0.0353741519507116
"223864_at",0,-0.198360746771509,0.199622480411757,-0.394873121576132
"224065_at",0,0.0166094689985441,-0.021106374325593,-0.120306241966023
"22416_at",0,-0.348230028024388,0.176539497571585,0.105319034907415
"22431_at",0,0.10985169632106,-0.0400504795205414,-0.185114443304851
"224405_at",0,-0.606746912144246,0.10155073575936,-0.401261895160749
"224640_at",0,-0.0764722888820905,-0.0619718443737077,-0.039719460294964
"224860_at",0,0.31066063680324,-0.3743380818209,0.381578754653235
"225028_at",0,-0.103092817609688,0.0336638137582923,-0.12714446541021
"225131_at",0,0.115463479096027,0.053368047171861,0.0299806900633519
"225152_at",0,0.281072215999408,0.13513108707845,0.198244228390905
"225497_at",0,0.0803068857805686,-0.132513766380424,-0.139807905383439
"225518_at",0,-0.461723463714079,0.0740933836296426,-0.411785015640844
"225600_at",0,-0.057480525304618,-0.110740023681742,-0.121397798007734
"225631_at",0,-0.0738664430471784,-0.220850510237137,-0.215906014574219
"225887_at",0,-0.297243165368398,-0.268997534087096,-0.413440414032667
"226016_at",0,0.178283192105236,-0.00317018111317382,0.00715382686141666
"226151_at",0,0.332029939531574,0.0141223615095688,0.199153636204956
"226180_at",0,-0.0362857866355932,0.0449576236877082,0.0172523667191481
"226243_at",0,0.114138117570948,-0.177212244852046,0.0971532124047216
"226409_at",0,0.764100560283271,0.273628170832682,0.535455983196947
"226439_at",0,-0.165185724931651,-0.13173515631457,-0.0363015916603106
"22648_at",0,0.00739698700453318,0.181330054076544,-0.0464172345381718
"22671_at",0,0.22849590147449,0.18168097206644,0.209932780076544
"22697_at",0,0.048019902888895,0.00441579947679556,0.00017125486807475
"226976_at",0,-0.111047456331669,-0.0482398407023288,-0.0763424877549283
"22702_at",0,0.315020485786731,0.109815827549727,0.0810142583269747
"227157_at",0,0.176683092700011,-0.16865731869793,-0.0180385276689825
"22722_at",0,-0.151136520120821,0.0342198328865815,-0.190110543363366
"227743_at",0,-0.116778184209947,-0.0402226302819655,-0.034447678324853
"228026_at",0,-0.0694561179187799,-0.716191834080267,-0.45412675896211
"228071_at",0,0.167932678192477,0.262507811518349,0.255783435392301
"228136_at",0,-0.0995431191624493,0.15887628400042,0.0574103356944592
"228151_at",0,-0.387017424743593,-1.72693956969288,-0.565283810183041
"228598_at",0,-0.0889354906803419,-0.0802414706207298,-0.318585109092445
"228775_at",0,0.0708688770995254,0.0566064283072387,0.370828970715561
"228802_at",0,-0.350390429210701,0.145671899773281,-0.311804451691743
"228807_at",0,-0.169072045442421,-0.011105881467458,-0.0420050921213209
"228913_at",0,0.102525014948836,0.0534585701267104,0.302989742476641
"229588_at",0,-0.0237783536902828,-0.0619320962876067,-0.110455708224431
"229595_at",0,-0.183526279508368,0.236971079247734,-0.0362883528631001
"229801_at",0,0.0621867216538551,-0.0426525391019172,-0.0804010053035196
"229906_at",0,0.331905863341809,-0.193520544205699,0.188705145146674
"230316_at",0,-0.349587054023882,0.0279326079395111,-0.186557131126121
"230484_at",0,0.463669791246773,0.458914899217299,0.446901568244733
"230718_at",0,0.0625922439303408,0.352670741640154,0.248555923464634
"230895_at",0,-0.0214229987959403,-0.229700396892329,-0.125371816682778
"230936_at",0,-0.0467052394485947,0.209065980576418,0.0629881924501949
"231238_at",0,-0.0240112724536557,0.244265772927262,-0.0909344769602206
"231326_at",0,0.0848033333954814,-0.30978452573385,-0.0219436197837868
"231332_at",0,0.00693846075748303,0.0061192051108653,0.176610084775456
"231380_at",0,0.330654875843383,0.11261912788187,0.206567560477901
"231452_at",0,0.1503207847736,-0.134665913179692,0.120724872056343
"231591_at",0,-0.337638299869216,-0.102186138373411,0.370659971209318
"231630_at",0,-0.397950117649113,-0.0224405726466168,-0.258802678807343
"231670_at",0,-0.709283452498217,-0.23864850456958,-0.589055932553145
"231866_at",0,-0.0950316416574007,-0.00956852635416163,-0.282435925874364
"231931_at",0,0.0280815840709243,-0.154820266839119,-0.200582890122914
"232023_at",0,-0.0421569189503265,0.138319612026435,0.0171007084653157
"232086_at",0,-0.188503982421227,0.289859679360366,-0.00805305203817724
"232232_at",0,-0.239646320409439,0.0787355699501701,-0.161036508625396
"232333_at",0,0.164491517111922,0.150774934587898,0.270578868357636
"232337_at",0,-0.392918484580081,-0.146502956903695,-0.296049451763436
"232906_at",0,-0.428844582627686,0.121363337086467,-0.329547097123599
"233005_at",0,0.327026447491194,0.0605261896433514,-0.103268028797935
"233046_at",0,0.286049721865033,-0.121966009411392,0.246535101223919
"233164_at",0,0.149214880104409,-0.684027303942067,-0.140592439365627
"233204_at",0,-0.295629939030903,0.185544163772323,-0.122345073579302
"233222_at",0,0.174050461732119,0.0564781142744528,0.0425794990028307
"233335_at",0,-0.502990471935218,-0.097050463185154,-0.650023053124911
"233424_at",0,0.116745754564776,0.0383951869105229,0.00769145655241648
"234159_at",0,0.0754352986954493,0.171460563499141,0.131151614003138
"234358_at",0,0.541302351970102,-0.364814468269008,0.128819070634266
"234366_at",0,-0.224011035765454,0.265748130542527,0.0107284377890839
"234736_at",0,0.264954334471249,0.0152758314261528,0.339033950534301
"234915_at",0,-0.0129777151351626,-0.210533133100574,-0.205614309935765
"235047_at",0,0.386416924972416,0.122129722885814,0.10298543881676
"235135_at",0,-1.74894214673242,-1.2232085334698,-2.67300604451081
"235169_at",0,-0.259867028225837,-0.410159507324573,-0.175528115498677
"235248_at",0,0.191932093871425,-0.110111136687812,-0.0762429575980811
"235406_at",0,-0.188563801850117,0.167861757631415,-0.107988590346281
"235415_at",0,0.156215551824558,0.101321616319125,0.119347425609284
"236790_at",0,0.412589008987949,-0.210413694671256,0.17968076845214
"237082_at",0,0.306844572564109,0.192906547389621,0.285236484164535
"237625_at",0,0.127449045319619,-0.0942978126884986,0.132017944890346
"237847_at",0,-0.608229009159448,-0.0029028857539522,-0.514935064051611
"237880_at",0,0.210167917636837,-0.0883535078863579,-0.0829486257032252
"238055_at",0,-0.0300761300687841,-0.346794429809969,-0.479056264452003
"23821_at",0,-0.399912899675903,0.187083865211632,-0.401148028752764
"238384_at",0,-0.0729974187155246,0.455437700823519,-0.0681048131580312
"239559_at",0,-0.439785388231235,0.124879550513379,-0.410361441155872
"239650_at",0,-0.442308757564146,-0.0545885236867371,-0.446116234951748
"239852_at",0,-0.0902511275443331,-0.146515652848796,-0.132641361046329
"239985_at",0,-0.177931068314478,0.229059553507995,-0.0304504571699071
"240058_at",0,-0.877422627767572,-0.564693685390962,-0.888759727416473
"240067_at",0,0.113435224041699,-0.299831828048327,-0.0732256683627309
"240174_at",0,0.329279601501378,-0.0750115744064374,0.0444086244491452
"240442_at",0,0.00876463644796838,0.123522608755474,0.109056765253723
"240638_at",0,-0.129327654866182,0.0343565729845742,-0.280725804855728
"241066_at",0,0.0458753303658367,-0.283011286797015,-0.0958442224076758
"241525_at",0,-0.466417176596472,-0.0560960203181489,-0.30835097706578
"242259_at",0,0.168736445370348,0.00072472284778994,0.250433940967386
"242653_at",0,-0.180389129579631,-0.111945290913948,-0.0962488065346618
"243025_at",0,0.496921131358762,-0.474245434613671,0.277493420788886
"243262_at",0,0.208264408090345,0.141510699793366,0.0127208644472328
"243853_at",0,-0.114441238213551,0.189141888665356,-0.0187529022237685
"243914_at",0,-0.175602759169835,0.074217346286631,-0.188765626160808
"244233_at",0,0.00151966547983803,-0.252621731602533,-0.0804278291757351
"244654_at",0,-0.522698770417532,0.370450296792761,-0.388384776390294
"244895_at",0,-0.172623908652059,0.110773233840635,-0.0219620274724506
"245269_at",0,0.27441901111923,-0.175442534618191,-0.129927178326119
"245511_at",0,-0.0910766593897316,-0.0268672877968307,-0.0907056300875602
"246256_at",0,1.73856108925157,-0.183590159341489,2.4383020852168
"246782_at",0,-0.869424526078941,-0.75900447579232,-0.862400450160938
"252837_at",0,-0.427235759884475,-0.101823083914844,-0.540507902404416
"252910_at",0,0.395382045209948,-0.0988466650015628,-0.187146880463603
"252967_at",0,-0.116070867880155,-0.112466640910368,-0.0693718064130756
"257872_at",0,0.577186173477666,-0.238843641300298,-0.186664800831681
"257892_at",0,-0.00145177859002373,0.227916081563177,-0.134641896388963
"257904_at",0,-0.103757486098866,-0.0432252217020812,0.0590154446096332
"258113_at",0,0.0965560563847921,-0.161216437685055,-0.0492142855917526
"258120_at",0,-0.0600024753127504,-0.278069002332138,-0.26407955418699
"258136_at",0,0.931739286025032,0.842934416123644,0.454026074247286
"258158_at",0,-0.0046235376796513,-0.174036773939053,-0.032079825995815
"258233_at",0,0.14789605282608,-0.0337222277557768,0.010189609165938
"258261_at",0,-0.101240448286286,-0.148676655146245,-0.0764593691009105
"258285_at",0,-0.284486965422397,-0.210688210028937,-0.249208040283617
"258309_at",0,0.0439932501500066,-0.18203243227486,-0.270320671242664
"258331_at",0,0.00769278311862254,-0.401076714147245,-0.0874225231016436
"258333_at",0,0.0726870216681261,-0.168338003194172,-0.223306668006458
"258402_at",0,0.431272941587463,-0.08316978166077,0.0212338372020698
"258424_at",0,0.196663544640608,0.236818371875265,0.234554737598249
"258434_at",0,0.257115213803731,0.0320839029861027,-0.0173795556920681
"258435_at",0,0.145698125193207,-0.0271623507008155,-0.0262749230525268
"258451_at",0,0.569294251452145,-0.0838853523407205,0.249115044970379
"258502_at",0,0.14103500029235,0.136685289519537,-0.0626683929964247
"258531_at",0,0.303741885126138,0.183289598545915,0.0535926813098229
"258548_at",0,0.0364268421727489,-0.138408638417081,-0.0445333631676008
"258587_at",0,-0.0580555190813956,-0.188829447648949,-0.0474320173286574
"258594_at",0,-0.028138516345018,-0.367450334584784,-0.162664759812399
"258625_at",0,-0.00115607539157285,-0.0565855702589987,-0.049409733242556
"258656_at",0,-0.198634714218204,-0.316360265246672,-0.390765826751387
"258663_at",0,0.134730796965626,-0.283786555636734,0.0801260717304685
"258704_at",0,-0.153818347888002,-0.2312551155097,-0.275895294024685
"258705_at",0,-0.0748185930379129,-0.371414612844288,-0.0507906371357255
"258722_at",0,0.0982309747896912,-0.0469626872066942,0.229720334435994
"258726_at",0,-0.0201606552598662,-0.00470560796329984,-0.0901588377042176
"258750_at",0,-0.238758627528532,-0.3911289370249,-0.134024718186041
"258759_at",0,-0.296398623087722,-0.0665170541363174,-0.164685926501789
"258769_at",0,-0.237365110265529,-0.612382676810523,-0.368545873558491
"258772_at",0,-0.175481268650146,-0.572932354426964,-0.251708869590292
"258792_at",0,0.305056967344176,-0.074012310145837,-0.00779512329551253
"258793_at",0,0.00863488815601008,0.0688687202054434,0.0972512718369047
"258794_at",0,-0.00538892219473603,0.0331976639947094,-0.0398274200111615
"258809_at",0,0.151807878683866,-0.238604042744528,-0.066984709454883
"258840_at",0,0.198459144149247,0.186744306336681,-0.0189598260603418
"258842_at",0,-0.14723507070765,-0.538062579168566,-0.446112416772158
"258867_at",0,0.27425108626072,-0.255027868320144,0.100953784918949
"258896_at",0,0.385380944157543,0.10135781340797,-0.081596398135746
"258920_at",0,0.0454009300376096,-0.136106856259104,-0.0924187162114008
"258956_at",0,0.139543151695284,-0.218606155240236,-0.122881786990124
"258991_at",0,0.00590730537016422,-0.170318036450121,0.0344008647053213
"258992_at",0,0.284759958284099,0.188824456441061,0.316834296607806
"259025_at",0,0.367556652968295,-0.156589479839848,-0.0619489650956815
"259055_at",0,0.12671724416625,-0.101158173793171,-0.0553345712224269
"259078_at",0,0.268480690097087,0.0968094762234802,0.195560074063514
"260301_at",0,0.168387522143453,0.0393839254330599,0.141083357609559
"260409_at",0,-0.0393770505568181,-0.0796925503577753,0.0435610775277039
"26359_at",0,-0.068795390705817,-0.00118203841064262,-0.0257678734789725
"26363_at",0,-0.546229879190622,0.246006694523261,-0.455727273913142
"26433_at",0,-0.190081041454663,0.192828814083436,0.0620661260299228
"26459_at",0,-0.123101744574861,-0.231373501483896,-0.00970937298109135
"26561_at",0,-0.187209746099159,-0.0226832581838918,-0.162322364653116
"268395_at",0,-0.285963219041635,-0.0197209737323071,-0.180934503819135
"26877_at",0,-0.129573658100037,-0.205541769618906,-0.174938081473632
"26895_at",0,0.079126466133957,-0.0718893809018328,0.0312938007061993
"269209_at",0,0.00191604395397137,0.121552921347017,-0.0457117357494851
"269338_at",0,0.0850985781727341,0.0390032078000376,0.0431605519725082
"26941_at",0,0.0714375952988653,0.223187096778984,0.243581450532187
"269529_at",0,-0.180061976302968,0.165027737020828,-0.144535211486281
"269695_at",0,0.432456246168947,0.307433742621979,0.173125214325586
"269702_at",0,0.602515542194319,0.242643474290645,0.419428777544706
"26971_at",0,0.100327798869499,-0.117621842883769,0.0398835124621929
"269774_at",0,0.0534953020664921,0.052430220148208,-0.0665229729725312
"269952_at",0,-0.0137251725548673,0.719345266892874,0.198656559660116
"270160_at",0,0.10420772471196,-0.191359491305453,0.0364820496363707
"270162_at",0,-0.186729334572787,-0.0304760782591349,-0.239896759714842
"27056_at",0,0.479097694291838,0.000478797831642971,0.970770323969579
"271005_at",0,-0.259193220576246,-0.478455450467228,-0.340049884136832
"271639_at",0,-0.47448224166428,-0.684750881041719,-0.734034345741299
"27216_at",0,0.148465319647246,-0.03217376666553,-0.0542590383492862
"27276_at",0,-0.41321890291004,0.196495186263635,-0.525772659383237
"277898_at",0,-0.205293500350142,-0.382844971237185,-0.11812273379699
"278255_at",0,0.221840240846478,-0.0199420736340088,0.0640250350167819
"280408_at",0,-0.167883824596751,-0.00814468182784812,-0.18169553284828
"28135_at",0,0.262594565762196,-0.0927184679068397,-0.000937392420119375
"282663_at",0,0.295171109803773,0.20367719032761,0.149805313101327
"29813_at",0,-0.159531030841142,-0.100602993241135,0.424958749526342
"30843_at",0,0.486982799208862,0.0237260954928753,0.123129450151584
"30944_at",0,-0.0263255660515544,-0.045991499253232,-0.0899039375213483
"319167_at",0,0.961390070257573,0.396926294588716,0.16615984205174
"319470_at",0,-0.0613551006588533,-0.106574082111274,0.0174881394955421
"319564_at",0,-0.0526798009334933,-0.0179529697827865,0.117027598986704
"319615_at",0,0.567440849332837,-0.0230891869813034,0.351380888442179
"319651_at",0,0.244073916262035,-0.0504485566650842,0.00988236321899892
"319776_at",0,-0.174906127948395,-0.286799128672489,-0.019664031003949
"319817_at",0,0.185274818438818,-0.077445635736097,0.0658269944886784
"319901_at",0,0.168070331684688,0.076620411276023,0.189437359378852
"320230_at",0,0.0543582443913163,-0.14252565560972,-0.178264638767153
"320292_at",0,-0.00763694949715062,-0.166778416799812,-0.0688952320284955
"320343_at",0,0.0285540953714859,-0.0209496860450544,0.152809576198508
"320383_at",0,0.450760985107305,0.0890582622834202,-0.142945327703249
"320479_at",0,0.0658739807375161,0.0322777119048398,0.109494138472794
"320506_at",0,0.023864376762731,-0.0317766133362987,-0.0374672440087081
"320538_at",0,0.0120035462675174,-0.237287153652304,-0.163244684574137
"320541_at",0,0.17142380589013,0.06253415565869,-0.152863313196696
"320616_at",0,0.49184832044204,-0.103709697797174,0.275540932615563
"320671_at",0,-0.555235641294674,-0.564632555407161,-0.704279588097867
"320696_at",0,0.041714838999934,-0.1937980965603,0.00338140247070989
"320825_at",0,0.228013706150099,0.141471281109227,0.266379399691621
"320924_at",0,-0.0986319210089376,0.358638356897144,0.013790152985509
"320951_at",0,-0.175222662570881,0.0483158629084855,-0.0716584281806794
"326622_at",0,0.241172693361434,-0.139040766068774,0.0364596285930063
"327814_at",0,-0.0315634210673679,-0.140974573880617,-0.196640308984365
"328035_at",0,-0.0866496704085406,-0.0149588318186556,-0.156845510570973
"328250_at",0,0.21480574231151,0.142830214405515,0.0604689907782983
"328572_at",0,-0.0593927366350255,0.0901488320472647,0.0396868606816165
"328643_at",0,0.0249814479871742,0.0121337286726086,-0.105979825700167
"328734_at",0,0.69642545666635,0.289503565196067,0.434167482880057
"329165_at",0,-0.0775449201707991,0.168556948402019,-0.126854974332973
"329540_at",0,-0.0477902907666924,0.29789340697546,0.185548127370688
"329716_at",0,-0.102704142734462,0.0693074621172634,-0.11368214728453
"330485_at",0,0.118916121332777,0.121624922279642,0.444480212616905
"330502_at",0,0.0723046684546687,0.218115856113363,-0.134115222445758
"330921_at",0,-0.182656200385026,-0.0826109310297584,-0.181794967466126
"331578_at",0,0.0138274544271686,-0.0706016748729307,0.0878309841526655
"338349_at",0,0.19787700613264,0.0592273032691817,0.27170204412062
"338363_at",0,0.182021476328078,0.125581826774868,0.231193152900262
"338403_at",0,0.03772768464939,-0.147920707738187,-0.0168670792703775
"347708_at",0,-0.00072750678820484,-0.0851217527767295,0.0751748874857373
"347711_at",0,-0.107937462634276,-0.223334552160305,0.0788466169554098
"360214_at",0,-0.0794748081259126,-0.094003582162184,-0.139217671836066
"380701_at",0,0.0872697738761274,0.167064214592848,0.210765628695813
"380912_at",0,-0.265778313832121,-0.00802810730298514,-0.199273568012318
"380916_at",0,9.12021022777475e-05,0.0792787761852223,-0.00440132049911574
"381038_at",0,0.0837528309401406,-0.00111030850917037,0.13219920948001
"381045_at",0,0.475382793155112,-0.0695234198879936,0.252994185457978
"381269_at",0,0.316740561201929,-0.505405827377168,0.602458371802634
"381284_at",0,0.486459438240964,-0.119214425639554,0.642316781273559
"381305_at",0,0.0362494946951518,-0.0964936594510669,-0.0112945299086676
"381405_at",0,-0.236565862366387,0.25116091367018,0.0134895837390084
"381484_at",0,0.113015172563791,-0.728167591173983,0.290848896531303
"381538_at",0,-0.187400073449767,-0.0601302026934744,-0.145739325092543
"381853_at",0,0.0647810148796884,0.00256623962967857,-0.0477423875044765
"381924_at",0,-0.215518795229231,-0.445466476021645,-0.0528457384200316
"382010_at",0,0.297951868062975,-0.15538885374298,0.264733950223093
"382073_at",0,0.0662249870517747,-0.189452841095602,0.0266596496591062
"382074_at",0,-0.0171560990139057,-0.0678553373271714,0.0173968143357452
"382118_at",0,0.226529946725234,0.0776223271863491,0.387235923781013
"383563_at",0,0.119435423494748,0.076558198569427,0.165868359748804
"384639_at",0,-0.163120854864169,-0.0713457616016226,-0.0436338987215748
"384775_at",0,-0.0631490221009957,-0.23643262256835,-0.0137697451731174
"385343_at",0,0.00849971010074976,0.0271646633272628,0.0279417215353031
"385668_at",0,0.214335603170626,0.245888452354812,0.320586579637938
"387157_at",0,0.0329870634925944,-0.0495733147582624,-0.0551080958126586
"387160_at",0,0.738015177619176,0.106843688880712,0.578995350098371
"387188_at",0,-0.326549063155681,-0.199305623679176,-0.15098712157131
"387198_at",0,-0.0678645002588625,-0.00923276374507668,-0.11190459488655
"387225_at",0,0.0235685993265038,-0.242085951459849,-0.160010371535677
"387237_at",0,-0.0104086011072248,-0.0904028429689915,-0.14413464630941
"387242_at",0,0.0616125113547635,0.199509205931062,0.0523877990213843
"404194_at",0,0.333612192973884,0.017234648360949,0.233661720068582
"408065_at",0,0.726666034441222,-0.0323059907792154,0.590421864575875
"414123_at",0,0.468763204819509,0.421523307923028,0.460796686085059
"432480_at",0,0.141543699475477,-0.0128447923541154,0.0408736779333983
"432602_at",0,0.314832845276603,-0.12432495239117,0.0462895746396024
"433003_at",0,0.221158649187964,-0.10392537357559,-0.322892523725004
"433904_at",0,-0.0120596170433289,0.065471360737358,-0.389044886606647
"434228_at",0,-0.124495123487984,0.0838419504955687,-0.0420969015888425
"434438_at",0,0.0442212365965613,-0.166787083446187,-0.177771348709654
"434439_at",0,0.130407862840072,0.0470281721369052,0.220161361006018
"435626_at",0,0.0183325511811951,0.0725017510525026,0.0846424097571716
"436022_at",0,0.334506492891701,0.619269599116643,0.29321729223577
"436522_at",0,-0.508332736547038,-0.66794817008494,-0.463162544637089
"446210_at",0,-0.0117166591580356,-0.0969801236883853,-0.268602231252113
"448987_at",0,-0.386956984313352,0.0581073365417347,-0.256282688661954
"50505_at",0,0.0472701915951135,-0.0872355007674435,-0.110271836726134
"50720_at",0,0.0216491228751463,-0.39591874761791,-0.0890558771825073
"50723_at",0,0.106843184342444,0.067614037009585,0.455189808189246
"50754_at",0,-0.100968348847407,-0.150452842468308,-0.138345948396832
"50765_at",0,-0.0545520603979497,-0.0928003897759915,-0.0664499493927805
"50786_at",0,-0.212879554993862,0.0300288537508661,-0.00806618636921723
"51875_at",0,0.112584864633927,0.0874201270445569,0.0968718689112801
"52331_at",0,-0.04662159440418,0.040111759026771,-0.130659568517118
"52377_at",0,-0.412626682937612,0.633180193196337,-0.299846437517041
"52570_at",0,-0.513430024960728,-0.628201028607603,-0.64616929490656
"52898_at",0,-0.283535901386435,0.481062726116907,0.0420020942198753
"53609_at",0,0.185750278549419,-0.096182601430915,0.00477430188657233
"53626_at",0,-0.117148774913381,-0.279087593282761,-0.298798773869046
"54368_at",0,-0.416607732777604,0.194351094965627,-0.25716052736237
"544717_at",0,-0.121102984200274,-0.143457632252047,-0.226534033493177
"54485_at",0,-0.447968420467322,0.289012424401622,-0.249131959915308
"545085_at",0,-0.014511058683652,0.0121796495560307,-0.0980111352184536
"545126_at",0,0.287707349182575,0.105198357542301,0.147840444913497
"545667_at",0,-0.148904041621963,-0.101626283670256,-0.126182583267705
"545677_at",0,-0.326786828032398,-0.542408493604634,-0.445266843857713
"545893_at",0,0.119432763409152,-0.0604244354690911,0.0203202233795894
"54613_at",0,0.0287295967942652,-0.0383347725708596,-0.0173143074911025
"54624_at",0,-0.168856098322335,-0.0196014741520037,-0.165047297806117
"546244_at",0,0.0453159894240031,0.78014031253205,-0.0302282473144929
"546644_at",0,-0.610123132557782,-0.972919494813741,-0.748796120199526
"55987_at",0,-0.815891407169642,-0.68257622268018,-1.03684839998726
"56075_at",0,0.252383048684043,-0.287143087118958,-0.00774783360590441
"56177_at",0,-0.0646070648581692,0.473096577860778,0.0601757580885822
"56222_at",0,-0.0522792213451831,0.266902630454285,0.131896627932011
"56324_at",0,0.0057809136974686,0.177645490463332,0.147447822317763
"56419_at",0,1.34479533770226,0.819031644745667,1.41747697829712
"56427_at",0,0.171708874942586,-0.0195723957222223,-0.0215462815516444
"56471_at",0,-0.0632033035348944,-0.150576249532556,-0.0556306613259341
"56490_at",0,-0.182739492139979,0.137643321316052,-0.206323587955923
"56543_at",0,-0.0776517990813919,-0.0750319020262847,-0.158831202082405
"56698_at",0,0.0500083859472881,-0.108939698944502,-0.0343334122862858
"56741_at",0,-0.0416269791019041,-0.156070634894544,-0.165518444041576
"56745_at",0,-0.410382045446536,0.291099462373663,-0.406792159158759
"56788_at",0,-0.89654463362382,0.609311869533154,-0.384053238650078
"57014_at",0,0.111021822445992,-0.0675569006330963,0.00542219411314239
"57138_at",0,-0.188784651100099,-0.216302136488673,-0.280388980043334
"57254_at",0,0.0266977939818445,0.0814130041750692,0.160893631351571
"574429_at",0,-0.188895025204821,-0.0635796450776282,-0.0655494454643951
"57757_at",0,0.706626861704716,-0.201157997465956,0.121286969675621
"57814_at",0,-0.088263245070258,-0.216558096671485,-0.490755819804029
"57874_at",0,-0.165339778662036,0.0666568641436245,-0.195815529722869
"58229_at",0,-0.0930690998653842,0.320604698169086,-0.0101312701182121
"58249_at",0,-0.0343245298473981,0.053991084835975,-0.164839563733671
"59008_at",0,0.00993773610382144,0.0720591118883255,0.00787220881766778
"59038_at",0,-0.667796296443839,0.0255507768050768,-0.654114766992061
"59069_at",0,0.189236844609609,-0.267248231648402,-0.0832456695746511
"60504_at",0,0.646426732504396,-0.437610177490284,0.858235803677653
"619302_at",0,0.148665787185999,0.0890656681719338,0.0312166078951099
"621427_at",0,0.401519430918184,0.126189244169809,0.34015585206761
"622117_at",0,-0.117592229165018,-0.166969787201842,-0.176729401526413
"622921_at",0,-0.0217846149154312,0.08626829719539,0.096973869704751
"623474_at",0,1.30049281951859,0.725815658296208,1.31850267995536
"626848_at",0,0.666172554467672,-0.0810200524575058,0.124379098570664
"627132_at",0,0.299700555243928,0.00153483135366067,-0.345099486355528
"627585_at",0,-0.228881387857742,-0.0818118790755579,-0.193285201110854
"627821_at",0,0.181788585019374,-0.278888868856807,-0.0502717506190924
"628324_at",0,0.00737447258897724,-0.0836583652087952,-0.0533052016719602
"629820_at",0,-0.11732012370446,0.101164407444833,-0.302753036360309
"631797_at",0,0.00116830960043952,0.317851041804345,-0.0933206866690439
"635253_at",0,0.0582116781834329,-0.024198658804462,-0.0105585228019128
"64050_at",0,-0.00248898937471225,-0.318421377780076,-0.135859276990619
"64453_at",0,0.10306656141948,0.037086293373681,0.0355125795585112
"65246_at",0,-0.0731797626373314,-0.0716098556097109,-0.126527794479993
"654801_at",0,0.160605397439349,0.109857078900917,0.147276960829753
"65945_at",0,-0.786481132108541,0.199061593942481,-0.494601649009162
"66067_at",0,0.16147419475007,-0.0503753098953537,0.149956576980601
"66117_at",0,-0.699086101337853,-0.783559002458382,-0.905883692769562
"66167_at",0,0.3218540187547,0.10686362198343,-0.0137028743264114
"66194_at",0,-0.0483864334480489,-0.217101636940746,-0.0656698605924645
"66231_at",0,0.368113153064936,-0.265733273088562,0.130273655545732
"66236_at",0,0.00342270855395808,-0.315211631976866,0.0659392571473837
"66268_at",0,-0.224673524162699,-0.0184284840497561,-0.218349288800712
"66315_at",0,0.308964932524293,-0.139084961315888,-0.0168522987653173
"66352_at",0,0.115934029671822,-0.00413744572139338,-0.0869128609048645
"66377_at",0,-0.308526248035281,-0.369459805481492,-0.497522737661188
"66392_at",0,0.0293448094767304,-0.0579538734107107,0.00957293022872181
"664608_at",0,-0.154864585853876,-0.064811348067478,-0.414811182707319
"664793_at",0,-0.046293052751462,-0.197529226801554,-0.0875455502229449
"66481_at",0,0.349453634775832,0.0243894041278603,0.204042044977085
"66483_at",0,0.353370026375691,-0.0394237453416708,0.16161003128873
"665005_at",0,0.16975926736737,0.216801710618678,0.611799734723926
"665037_at",0,-0.0433421755623592,-0.16189066492961,-0.00758988860129552
"665119_at",0,-0.171741693235465,-0.157570270462292,-0.382372235635896
"66548_at",0,-0.0230761087374342,0.382033216189173,-0.228985635585056
"66597_at",0,0.0437150910678559,-0.0539638168639916,0.211124311848053
"66625_at",0,0.256717771837553,-0.364843928660587,-0.0563086510676869
"66658_at",0,-0.0842815537839575,-0.0362846016933905,-0.0605962746437105
"666737_at",0,0.279876430964474,-0.353339887682635,-0.0498609939791744
"66686_at",0,0.0582346332506914,0.280246346184531,0.0504617837357498
"66694_at",0,-0.808954874216145,-0.804967792690464,-0.87172834797176
"667230_at",0,0.252812552110051,-0.0885065578776127,-0.0571875060237031
"667772_at",0,-0.0955237337038202,-0.200298676989309,-0.126117019595637
"66784_at",0,0.00550858651439506,-0.0711926039914408,-0.0538248534748206
"66790_at",0,-0.276691625831753,-0.0277758749623718,-0.0838960397873088
"66844_at",0,0.241472531685998,0.0736028173584389,0.22899558029013
"66849_at",0,-0.172979948180845,-0.256646926625984,-0.320200801622088
"66874_at",0,0.155376556133029,0.0169132581259084,0.070559388591323
"66922_at",0,-0.15915736725141,-0.10448696214819,-0.366439125465317
"66938_at",0,-0.274606862959503,0.0308248190375719,-0.269346900596737
"66953_at",0,0.761354363280012,-0.203265697913025,-0.207696015422892
"66962_at",0,-0.198277895767567,-0.155441491224246,-0.0675610949362184
"66989_at",0,-0.0985226393350956,0.0351897657781525,-0.0281245322964222
"67037_at",0,0.218829258346078,0.404982678994271,0.323460641561315
"67044_at",0,-0.609653051653924,-0.156702204387082,-0.539832579196439
"67070_at",0,-0.0034592073026664,-0.137851541197972,-0.100588559720168
"67075_at",0,0.127799118361892,0.00290032512720527,-0.0563340725304688
"67101_at",0,-0.256110765880629,-0.000916953124913294,-0.244812153821042
"67119_at",0,-0.287725058227862,-0.167773926974535,-0.12136052635977
"67135_at",0,-0.0500898255651934,0.199175597506535,0.0351193999958809
"67141_at",0,1.05459561087481,0.601544079105496,0.867758609229899
"67201_at",0,0.251089005977986,0.0259653409940662,0.186468867341944
"67245_at",0,0.301432767721943,-0.0595124186414443,0.234853311933937
"67270_at",0,-0.360563403287753,-0.578751208661496,-0.228184745161033
"67272_at",0,-1.11026278613918,-0.87370691144873,-1.1253588796366
"67293_at",0,0.0945081781305002,-0.0771386895989467,0.283499537381375
"67304_at",0,-0.0694761312676477,-0.0692414460764794,-0.0833660246807329
"67305_at",0,-0.143255820278806,0.275070915642743,0.0389175279639354
"67370_at",0,0.235001105037421,-0.219521521013378,-0.025355783108562
"67402_at",0,0.118354958047154,-0.0357271327555446,0.022136490949988
"67426_at",0,-1.89852415955606,-1.9874744639921,-2.12055008264444
"67448_at",0,-0.207919258851853,0.299573765115543,-0.17488418131273
"67513_at",0,-0.0673626165217251,-0.0272980825062218,-0.0136917853423704
"67573_at",0,-0.180901144821438,-0.05854484844876,-0.103981754043948
"67647_at",0,-0.140556911126561,0.0988026838924916,-0.206968437292263
"67656_at",0,0.0569885590865557,-0.0884396519795074,0.145647255930298
"67767_at",0,-0.179390822259007,-0.0384493217190283,-0.18179982457963
"67778_at",0,0.116973789388111,0.0152329732881783,0.0356538931502124
"67836_at",0,0.0853652176753153,0.0576518576685007,0.0433865944410278
"67874_at",0,-0.324502431078862,0.0590691099165154,-0.321091357262762
"67895_at",0,-0.641758646987322,-1.22091962115291,-0.793489210892583
"67896_at",0,0.0334578440112504,0.0146316711354595,0.0462429679961852
"67905_at",0,-0.175924806254829,-0.137001961164358,-0.117497912094308
"67912_at",0,0.14603416183392,0.000735237756924874,0.0962456593616673
"67916_at",0,-0.677422730758113,0.294336465639078,-0.479254599245266
"67967_at",0,0.406118589257615,0.13861655779309,0.481825659471069
"67978_at",0,-0.114694652273354,0.238302884778301,0.0811812982687245
"67985_at",0,-0.0360647746096165,-0.473982372815584,-0.254825204540236
"67988_at",0,0.437115547945116,-0.113197750555541,0.197300891355475
"67997_at",0,-0.186374370476419,-0.134811165034933,-0.151715777505017
"67998_at",0,0.238122960204681,0.0602450983291065,0.176113104091834
"68001_at",0,0.219147825723097,0.118200580360371,0.16357835714619
"68055_at",0,0.0618071918936226,0.148952468171948,0.0212806488522808
"68059_at",0,-0.0351177118960689,0.0825085828780281,-0.0598232931142859
"68083_at",0,-0.162744553798596,-0.168355723342762,-0.161612711693476
"68106_at",0,0.0122380974068551,0.0753700090674652,-0.188090693628466
"68137_at",0,-0.365004102063975,0.012349200229619,-0.138463766600702
"68176_at",0,-0.259973545636587,0.310075903068073,-0.0833723726635406
"68188_at",0,-0.154531228572638,0.224539245734896,-0.0871515392702217
"68307_at",0,0.0817461022593628,-0.0490145582234323,0.089442806562531
"68364_at",0,0.0762279747371643,0.0361326529704401,0.0571074106444066
"68465_at",0,-0.538727186718906,-0.565402264943134,-0.503727639149385
"68567_at",0,0.0704578284501585,-0.0185371477647677,0.029255442921831
"68581_at",0,-0.0738975965791298,0.115473519532838,0.000907126088178748
"68617_at",0,-0.473964210499205,-0.012233183714676,-0.314846875991276
"68662_at",0,1.14390131993358,1.21720678164137,1.02282449061501
"68720_at",0,0.554789484763155,-0.552765800820519,0.070938018017607
"68738_at",0,-0.418355929910217,0.124708042616265,-0.469904972014905
"68795_at",0,-0.0730286729277912,-0.138532445141538,-0.144432980116324
"68833_at",0,0.0256250025016443,-0.197002125351398,-0.0509991111688036
"68846_at",0,-0.116257109825397,0.00766588987256818,0.00216693477598295
"68942_at",0,-0.115675005205643,-0.137999073739299,-0.201602714598342
"69032_at",0,0.234184991969579,-0.0228330267552368,-0.00238736657692289
"69042_at",0,0.0262369743687251,-0.0698780821057475,-0.0617357273596629
"69048_at",0,0.0512921879137488,-0.00328167265998066,-0.0261884488282195
"69082_at",0,0.230720509631639,-0.178681976127368,-0.011910176157023
"69181_at",0,-0.124940708889566,-0.165541342449691,-0.120765125027199
"69263_at",0,0.405251050181186,0.138035274009214,0.329882786791459
"69287_at",0,0.0876739099184593,-0.0850612329097908,0.0920413672845256
"69369_at",0,0.0315518158860423,0.0468106400951358,-0.042004160259391
"69379_at",0,-0.17233582064098,-0.231121867593149,-0.202235223664666
"69380_at",0,-0.459862236877552,-0.539052741534926,-0.0572791672546811
"69396_at",0,-0.159199160131383,-0.486653857481172,-0.161549487678095
"69470_at",0,-0.108249198142641,-0.0839574251315945,-0.0420502200347379
"69481_at",0,0.115509505379915,0.0624169292409063,0.15852276583588
"69534_at",0,0.119911833456693,0.271533095444706,0.10523684495284
"69556_at",0,-0.328823736847557,-0.178251889262719,-0.186210960784595
"69564_at",0,0.2868840483558,0.0480366551679128,0.312673772836279
"69612_at",0,0.20686748793086,-0.178824520911613,0.0827020041341167
"69743_at",0,-0.439668239867651,0.125303577050666,-0.266904859635778
"69785_at",0,-0.0514279537691574,-0.0545443235480854,-0.0613280375163999
"69864_at",0,0.329860491376365,0.167800173437221,0.529531945459214
"69888_at",0,-0.20403642703985,-0.464680401241052,-0.463218621866087
"69893_at",0,-0.242523904083366,-0.173838910165705,-0.273782696510731
"69957_at",0,0.186367822938042,0.0686008789989966,0.0760229102697271
"70103_at",0,0.0159367068843339,-0.0525818045558775,0.0602535731884943
"70155_at",0,0.225228386395819,-0.211009206993651,0.328414009780926
"70258_at",0,0.0545260894820285,-0.192976254140644,-0.271467146823458
"70266_at",0,-0.352105393616305,-0.370826002199241,-0.569280174290972
"70281_at",0,-0.0431983998737872,0.18369347665673,0.0647623972494673
"70349_at",0,0.191128551605181,-0.00548966947100586,0.0956090202133471
"70397_at",0,-0.429599647827255,-0.639148235896094,-0.532635371053154
"70530_at",0,0.156243126557101,0.227124742980009,0.151738832956952
"70536_at",0,-0.143751684204645,0.101890307550347,0.204863020238893
"70591_at",0,-0.0145596403642502,0.00590058226398799,0.0428167870379063
"70834_at",0,0.152032731505921,-0.0972065816090271,0.066218782208496
"70952_at",0,-0.0910237893045336,-0.164326963871454,-0.139037593042975
"70989_at",0,-0.0405710743023407,0.0749055541104351,-0.0589891657486806
"71026_at",0,-0.212354162235586,0.039352074882483,-0.25763150617608
"71151_at",0,0.434432067514117,0.216140378729009,0.415510750266745
"71304_at",0,0.00733028282870362,0.229548696819343,0.0116599585188649
"71310_at",0,0.372378119246788,0.301973061714619,0.865115927061521
"71361_at",0,-1.17877362803194,-1.06711305728825,-1.05998662867379
"71592_at",0,-0.212510483963429,0.126493277841327,-0.0457303140469686
"71756_at",0,-0.422610915373885,-0.365618555947701,-0.34999108087451
"71797_at",0,0.0107375961704245,-0.103337825692604,-0.115398310934661
"71856_at",0,-0.0432548925374872,-0.0200775870466289,0.0696315013796557
"71877_at",0,0.0420266086717935,0.153378137676224,-0.0641918951841575
"71888_at",0,0.175548653853883,-0.252990565267203,-0.0878570277662715
"71924_at",0,1.4854913619261,-0.109468476960274,0.288290485117219
"71927_at",0,0.219896460555553,-0.0274650939077685,0.133676921268586
"71954_at",0,-0.0914936149711345,-0.334194252271416,-0.142290399209929
"72025_at",0,-0.541231671800208,-0.4450954245209,-0.461914857765346
"72133_at",0,-0.0249484058390834,-0.130556084312042,-0.170622622925427
"72162_at",0,0.252492827865266,-0.136763026474517,0.118777415673647
"72230_at",0,-0.062615168825824,0.00127769141576859,-0.0893545139530625
"72296_at",0,-0.215379932505735,0.104955757345756,-0.184726683927681
"72324_at",0,0.253072329547748,0.164407321823149,-0.0698548812329909
"72351_at",0,-0.0985624009002741,-0.339253546432857,-0.412982133748952
"72361_at",0,-0.886664103742762,-0.0888715685018896,-0.818695694460899
"72383_at",0,-0.884907215871955,-2.40355462338737,-0.331078818829109
"723860_at",0,-0.0028590740968104,-0.369568258612543,-0.274201140808951
"723892_at",0,-0.168044763706033,-0.317294124833137,-0.487578058298701
"723897_at",0,0.393068589661359,0.16806517682344,0.329772087045904
"723923_at",0,0.336626977704191,0.170621275370917,0.394340822707085
"723936_at",0,0.00517475968134044,0.032764244044166,-0.0764400492358491
"723938_at",0,0.224005118998474,0.140000890667706,0.174579091862975
"724020_at",0,-0.0310683962000905,-0.226950791098213,-0.124879241208316
"72599_at",0,-0.0578089689632451,0.311100607339128,-0.096864376011482
"72668_at",0,-0.124272628019908,0.157016596502916,-0.00316335048652871
"72930_at",0,-0.171780492712941,0.0477068542163435,-0.338691952521687
"72960_at",0,-0.32619651427554,-0.161826793858522,-0.377797194126897
"73172_at",0,0.115400997002138,-0.00884465151101134,0.260263376402395
"732489_at",0,0.429004702604601,-0.122367835425609,0.158104913260728
"73340_at",0,0.35877965311882,0.956788202499631,0.560508352735577
"73422_at",0,-0.199485762825203,-0.192788367919204,-0.262136533449904
"73481_at",0,0.0144146942613849,-0.143540838663003,-0.148762695463593
"735262_at",0,0.143127668817617,0.270191552521635,0.158989662305817
"73813_at",0,0.22095272526468,0.0759734230793922,0.0368758804048866
"73825_at",0,0.362038915414325,0.225241615283155,0.436658215328913
"73862_at",0,0.0229695876153055,-0.162664241941422,-0.0638783717685759
"74096_at",0,0.14879081728398,0.141628561637971,0.844089059850749
"74111_at",0,-0.0180345660982557,-0.0303244835067456,-0.0342530905353572
"74123_at",0,-0.0747913019249464,0.227269667962582,0.045078288935213
"74168_at",0,0.127566014525955,-0.071301699814864,0.0887136009114993
"74241_at",0,-0.277531170373584,0.402222413784631,-0.140085568741889
"74320_at",0,0.0841521765774094,-0.0111405750330183,-0.0465140320693808
"74393_at",0,-0.0282369063628754,0.0181718302931598,0.223270182981396
"74427_at",0,-0.0920971092540639,-0.0853530278917037,-0.111928084369406
"74463_at",0,0.0679484176262966,0.0441987989830891,-0.0967908551464689
"74492_at",0,-0.488769279935604,-0.308112729530424,-0.413030842085173
"74556_at",0,-0.019875619539005,-0.136218528378467,-0.0632812477783488
"74571_at",0,0.049867410998555,0.0293749105559511,0.0422957881106347
"74596_at",0,-0.0489611285148832,0.0340536296955129,-0.078062887675732
"74703_at",0,0.265755430289052,0.00440539642804384,0.123264334834414
"74735_at",0,0.657796939867455,0.150308260234296,1.17055608295599
"74966_at",0,0.0322703057815114,-0.0367563362133706,-0.060542117570851
"75146_at",0,0.149756733898801,0.646480569433015,0.429385517228035
"751557_at",0,0.335420595682036,0.144667485223198,0.134397305531953
"75345_at",0,1.17390930126625,-0.157368790785184,2.09979776754811
"75396_at",0,0.168613222789621,-0.0406470549860886,0.0559971958376543
"75426_at",0,0.263361463669849,-0.0013983678309287,0.12765752778086
"75524_at",0,0.0379356042826304,-0.155780531787548,-0.303044812921984
"75528_at",0,-0.217968889941525,-0.176534244119495,-0.127549761603854
"75612_at",0,-0.146235915721844,0.163045837512475,0.474493870419768
"75623_at",0,0.75165503144447,-0.324187933868236,0.180997851648473
"75665_at",0,0.176493471133826,-0.174147669950196,-0.205071555827519
"75691_at",0,-0.260712567539565,-0.100140934069384,-0.204144018334078
"75718_at",0,0.0678714829580449,0.0762737668645536,0.1448948489305
"75732_at",0,-0.140210241029069,-0.0056463408716778,-0.0231690056757464
"75770_at",0,-0.211058851433758,-0.19609827545655,-0.225155059048055
"75805_at",0,0.0178189927817184,0.141479321079074,0.345051117311677
"75811_at",0,-0.292725731794554,-0.272345354490759,0.11665304235759
"75820_at",0,-0.0336538781919967,-0.0537121024736334,0.15623479654277
"75871_at",0,-0.053797589313538,-0.147150040663616,-0.198289594220936
"75964_at",0,0.112235668310171,-0.145267192596232,0.0231247144547928
"76051_at",0,-0.27948882020962,-0.377490368183401,-0.239306366333907
"76132_at",0,-0.120186168330827,-0.04002167395707,-0.324473291181236
"76233_at",0,-0.0489237103703579,0.143051016095057,0.109380000865474
"76338_at",0,-0.116395986532122,0.381065744575886,0.112487494426686
"76365_at",0,-0.0238173761537469,-0.0166263552430303,-0.062797798836296
"76429_at",0,-0.147719517020931,0.388842866937604,-0.125502529518621
"76454_at",0,-0.685915179417838,-0.159089183302023,-0.678228426081809
"76455_at",0,-0.0171888284274156,-0.261438495735065,0.000100077647757773
"76487_at",0,-0.146678583650156,-0.118048143788499,-0.132261274600967
"76497_at",0,0.0542511345039811,-0.0675387356173188,-0.02395983144532
"76608_at",0,-0.187683336092762,0.0297579703454941,-0.115555598776394
"76669_at",0,0.0702966057699054,-0.0975177700099278,0.106383501094836
"76795_at",0,-0.21650351755474,0.303339210306173,-0.0512774520642559
"76809_at",0,-0.141684426266059,-0.0473536115007223,-0.108707525926454
"76815_at",0,-0.291823571413526,0.258918144715808,-0.122618307252911
"76820_at",0,-0.0493375025907602,0.0718050769719971,0.133744470861605
"76843_at",0,0.997747562278965,0.434877664485637,0.961026668230281
"76854_at",0,-0.0195634945058298,0.204548894667667,-0.0145372268269824
"76857_at",0,0.400039212029448,0.0374838992194997,0.188224604019703
"76858_at",0,0.0180342302375051,-0.115927373275908,0.119496659545681
"76890_at",0,0.29818312812164,0.0993052278188421,0.1679152528346
"76936_at",0,0.163267284449029,0.0144782517479333,0.0833405798220297
"76938_at",0,-0.235328920925186,-0.0238168208058782,-0.0856556408970511
"76965_at",0,-0.0962606178937515,-0.0946444877694189,0.0255177671992155
"77018_at",0,-0.0466078681093863,0.0159628712713463,0.0951769776891953
"77036_at",0,0.20023519039287,-0.439138752926942,-0.0402087839067986
"77044_at",0,0.077406843856766,0.00901167253544581,0.00830725668174982
"77056_at",0,0.319576249290769,0.301892507344136,0.433052496215679
"77552_at",0,-0.0073785778217006,0.433912872271123,0.395242399376092
"77593_at",0,0.249495514921277,-0.152810210903371,0.171391332355158
"77717_at",0,-0.196340851461624,0.283487216216089,-0.319113867657915
"77727_at",0,0.0548563036618469,-0.167626094977978,0.421811974163217
"77908_at",0,0.324605497573811,-0.442816737360852,0.395790293850068
"77914_at",0,-0.130514888922188,-0.259268981645469,-0.254770462417235
"78070_at",0,0.0721658171692046,0.248752494977245,0.109238999436749
"78100_at",0,0.0743385975424385,0.0012181317882334,0.0117122194824121
"78246_at",0,-0.126278500975647,-0.0852809874628639,-0.0298602656076446
"78339_at",0,-0.192989558058422,0.686477643777388,0.267092110363432
"78593_at",0,-0.141754722608324,-0.0884267442483765,-0.0406745952890851
"78751_at",0,-0.223438690336585,-0.113283003668363,-0.173538970304766
"79202_at",0,-0.130595557780183,0.104320494358608,0.0298288812673005
"79565_at",0,-0.0869154914382436,0.367817476757292,-0.0470524021237657
"80509_at",0,0.0597977984476887,-0.260261181052779,-0.0170430554097051
"80708_at",0,-0.118096571610241,-0.164059758161419,-0.229003376888068
"80795_at",0,-0.0754374122287919,-0.144755919114855,-0.268093230098945
"80838_at",0,1.49981823564372,0.704109993981601,1.21594992847676
"80885_at",0,1.5059730879687,0.055806762099861,1.64707553490656
"81489_at",0,-0.0594704394509456,-0.104874045151071,-0.361526935561294
"83396_at",0,-0.228861461112995,0.117929946280016,-0.226588975463272
"83397_at",0,-0.632629665004795,0.259764206830095,-0.701268847261825
"83398_at",0,0.0335786579080475,0.135118491946283,-0.253859690816004
"83408_at",0,0.322434186947345,-0.16072943593792,0.354581157881267
"83674_at",0,0.273157332236569,0.0879730711323911,0.0593637696229963
"84036_at",0,-0.063199826876239,-0.106631295680069,-0.128913684997962
"89867_at",0,-0.134866455827462,-0.306330881762259,-0.354745869620274
"93670_at",0,0.206337682177927,0.280738609289955,0.185703188239155
"93707_at",0,0.106285695510227,0.0853177315679124,0.165678378662033
"93734_at",0,0.101967676934011,0.107296073972685,0.0209226869622374
"93765_at",0,0.475061121544452,0.0248468722653791,0.29405704673539
"93892_at",0,0.0936144456903853,0.387738844427009,0.124732221411582
"93896_at",0,0.14032054995612,0.0328336041516021,0.085835528279232
"94064_at",0,0.138085212952566,0.175502917604408,0.523898041326965
"94066_at",0,-0.33709135309066,-0.256527194774647,-0.336420831402364
"94093_at",0,0.106220626280028,0.0570395841754879,0.0146787504228287
"94181_at",0,0.227512612287168,0.2916534189435,0.302854188891811
"94227_at",0,0.284910909158189,-0.0516701996747963,-0.304361919581905
"97775_at",0,-0.0230229596867012,-0.304945725060467,0.0343735401450561
"97884_at",0,0.0969750379853918,-0.0109875577562196,-0.0606142458506125
"98363_at",0,-0.143649314363657,0.063837539382198,-0.263896435017515
"99169_at",0,0.23563201279136,0.266237325094931,0.0243497753826371
"99633_at",0,-0.311009749217856,0.167002336052105,-0.218070684271614
